customer_id,first_name,last_name,email,region_id,signup_date
1,Liam,Martinez,liam.martinez1@outlook.com,12,2025-02-27
2,Mateo,Ali,mateo.ali2@yahoo.com,14,2025-01-20
3,Jack,Muller,jack.muller3@gmail.com,2,2025-04-24
4,Chen,Patel,chen.patel4@gmail.com,12,2024-10-03
5,Ryan,Garcia,ryan.garcia5@gmail.com,4,2025-12-20
6,Liam,Silva,liam.silva6@gmail.com,5,2024-10-23
7,Sofia,Muller,,13,2025-06-07
8,Ava,Khan,ava.khan8@yahoo.com,12,2025-02-17
9,Fatima,Tanaka,fatima.tanaka9@gmail.com,1,2025-10-19
10,Isabella,Smith,isabella.smith10@gmail.com,3,2024-11-12
11,Hannah,Kim,hannah.kim11@gmail.com,9,2024-11-10
12,Chen,Martinez,chen.martinez12@gmail.com,9,2025-03-06
13,Ryan,Brown,ryan.brown13@yahoo.com,15,2025-07-26
14,Kwame,Silva,kwame.silva14@outlook.com,14,2024-10-04
15,Ryan,Nguyen,ryan.nguyen15@gmail.com,8,2025-08-14
16,Diego,Rossi,diego.rossi16@gmail.com,3,2025-02-03
17,Diego,Anderson,diego.anderson17@yahoo.com,6,2026-01-10
18,Jack,Tanaka,jack.tanaka18@yahoo.com,3,2024-11-26
19,Daniel,Rossi,daniel.rossi19@yahoo.com,11,2026-02-10
20,Hannah,Brown,hannah.brown20@yahoo.com,4,2025-03-28
21,Liam,Tanaka,liam.tanaka21@gmail.com,11,2025-07-27
22,Liam,Brown,liam.brown22@gmail.com,14,2025-06-28
23,James,Ali,james.ali23@yahoo.com,13,2025-05-03
24,Isabella,Novak,isabella.novak24@yahoo.com,5,2025-10-04
25,Jack,Rodriguez,,9,2025-01-23
26,Aisha,Smith,aisha.smith26@gmail.com,11,2026-01-06
27,Ava,Chen,ava.chen27@gmail.com,8,2025-04-21
28,Ines,Ali,ines.ali28@outlook.com,12,2025-01-28
29,Nadia,Dubois,nadia.dubois29@outlook.com,4,2025-10-05
30,Liam,Ali,liam.ali30@yahoo.com,7,2025-10-28
31,Chen,Nguyen,chen.nguyen31@gmail.com,12,2024-12-22
32,Olivia,Martinez,olivia.martinez32@gmail.com,7,2025-10-04
33,Priya,Johnson,priya.johnson33@yahoo.com,7,2025-11-01
34,Ryan,Brown,ryan.brown34@outlook.com,2,2026-01-24
35,Amara,Anderson,amara.anderson35@yahoo.com,15,2024-11-06
36,Lucas,Martinez,lucas.martinez36@yahoo.com,2,2026-01-03
37,Fatima,Kim,fatima.kim37@gmail.com,10,2025-06-19
38,Ryan,Khan,ryan.khan38@outlook.com,13,2025-04-22
39,Isabella,Garcia,isabella.garcia39@gmail.com,10,2025-09-26
40,Isabella,Khan,isabella.khan40@yahoo.com,9,2024-12-04
41,Kwame,Silva,kwame.silva41@outlook.com,5,2026-01-04
42,Diego,Ali,diego.ali42@gmail.com,11,2025-10-28
43,Fatima,Silva,fatima.silva43@yahoo.com,8,2026-01-04
44,Diego,Ali,diego.ali44@gmail.com,15,2025-08-14
45,Lucas,Muller,lucas.muller45@yahoo.com,4,2026-01-24
46,Liam,Chen,liam.chen46@outlook.com,11,2024-12-27
47,Kwame,Chen,kwame.chen47@outlook.com,14,2025-08-22
48,Nadia,Rossi,nadia.rossi48@gmail.com,3,2025-12-13
49,Daniel,Smith,daniel.smith49@outlook.com,11,2025-06-30
50,James,Novak,james.novak50@gmail.com,7,2025-03-07
51,Mateo,Silva,mateo.silva51@outlook.com,10,2025-06-30
52,Fatima,Anderson,fatima.anderson52@outlook.com,4,2024-10-22
53,Fatima,Dubois,fatima.dubois53@gmail.com,11,2025-09-06
54,Jack,Brown,jack.brown54@gmail.com,12,2025-12-02
55,Diego,Rossi,diego.rossi55@gmail.com,13,2025-12-29
56,Maria,Ali,maria.ali56@gmail.com,2,2026-02-03
57,Emma,Johnson,emma.johnson57@outlook.com,13,2025-08-31
58,Emma,Ali,emma.ali58@gmail.com,6,2025-05-12
59,Maria,Osei,maria.osei59@outlook.com,13,2025-06-27
60,Hannah,Ali,hannah.ali60@gmail.com,2,2024-10-27
61,Sofia,Martinez,sofia.martinez61@gmail.com,7,2025-10-10
62,Yuki,Smith,yuki.smith62@yahoo.com,15,2025-01-18
63,Jack,Anderson,jack.anderson63@outlook.com,13,2025-04-07
64,Nadia,Rodriguez,nadia.rodriguez64@yahoo.com,2,2025-05-12
65,Liam,Martinez,liam.martinez65@yahoo.com,1,2025-02-06
66,Daniel,Osei,daniel.osei66@gmail.com,13,2025-12-31
67,Zara,Tanaka,zara.tanaka67@gmail.com,11,2024-11-16
68,Priya,Nguyen,priya.nguyen68@gmail.com,3,2026-01-29
69,Olivia,Tanaka,olivia.tanaka69@gmail.com,14,2025-07-28
70,Priya,Brown,priya.brown70@outlook.com,5,2024-12-13
71,Noah,Martinez,noah.martinez71@gmail.com,9,2025-07-21
72,Daniel,Muller,daniel.muller72@yahoo.com,7,2025-01-07
73,Olivia,Ali,olivia.ali73@outlook.com,1,2025-07-07
74,Jack,Rossi,jack.rossi74@yahoo.com,12,2025-01-31
75,Priya,Garcia,priya.garcia75@gmail.com,8,2025-12-09
76,Amara,Kim,amara.kim76@gmail.com,12,2025-06-01
77,Sofia,Tanaka,sofia.tanaka77@yahoo.com,10,2025-05-07
78,Emma,Johnson,emma.johnson78@gmail.com,5,2025-08-31
79,Fatima,Garcia,fatima.garcia79@gmail.com,14,2025-05-13
80,Diego,Chen,diego.chen80@yahoo.com,5,2025-10-12
81,Chen,Anderson,chen.anderson81@gmail.com,3,2025-05-22
82,Liam,Tanaka,liam.tanaka82@outlook.com,1,2026-01-23
83,Kwame,Martinez,kwame.martinez83@gmail.com,8,2025-11-26
84,Chen,Smith,chen.smith84@gmail.com,3,2025-05-28
85,Zara,Johnson,zara.johnson85@gmail.com,15,2026-01-14
86,Maria,Khan,maria.khan86@yahoo.com,12,2026-02-10
87,Isabella,Ali,isabella.ali87@outlook.com,6,2025-12-02
88,Daniel,Dubois,daniel.dubois88@yahoo.com,7,2025-09-28
89,Ethan,Muller,ethan.muller89@outlook.com,11,2025-06-23
90,Diego,Muller,diego.muller90@gmail.com,10,2024-11-30
91,Amara,Ali,amara.ali91@gmail.com,13,2025-06-16
92,Fatima,Dubois,fatima.dubois92@gmail.com,5,2025-04-14
93,Sofia,Rossi,sofia.rossi93@gmail.com,8,2025-07-31
94,Ines,Chen,ines.chen94@gmail.com,3,2025-07-11
95,James,Martinez,james.martinez95@yahoo.com,5,2025-09-22
96,Nadia,Osei,nadia.osei96@outlook.com,10,2025-06-15
97,Mohammed,Garcia,mohammed.garcia97@gmail.com,8,2025-06-11
98,Mohammed,Novak,mohammed.novak98@yahoo.com,3,2025-04-27
99,Nadia,Novak,,7,2025-08-15
100,Ethan,Martinez,ethan.martinez100@yahoo.com,8,2026-01-25
101,Zara,Johnson,zara.johnson101@gmail.com,14,2024-11-07
102,Diego,Martinez,diego.martinez102@yahoo.com,14,2025-02-11
103,Ines,Novak,ines.novak103@outlook.com,7,2025-04-03
104,Fatima,Smith,fatima.smith104@yahoo.com,5,2025-10-05
105,Hannah,Chen,hannah.chen105@gmail.com,14,2025-01-25
106,Amara,Rossi,amara.rossi106@gmail.com,10,2025-06-23
107,James,Dubois,james.dubois107@yahoo.com,3,2025-02-05
108,Aisha,Tanaka,aisha.tanaka108@gmail.com,11,2025-09-20
109,Isabella,Martinez,isabella.martinez109@gmail.com,4,2025-12-08
110,Sofia,Nguyen,sofia.nguyen110@yahoo.com,15,2025-05-01
111,Emma,Martinez,emma.martinez111@outlook.com,4,2024-11-29
112,Isabella,Garcia,isabella.garcia112@yahoo.com,2,2025-06-05
113,Ines,Garcia,ines.garcia113@gmail.com,13,2025-03-25
114,Noah,Novak,noah.novak114@gmail.com,11,2025-12-15
115,Ethan,Novak,ethan.novak115@gmail.com,4,2025-06-09
116,Kwame,Patel,kwame.patel116@outlook.com,5,2025-07-08
117,Priya,Johnson,priya.johnson117@gmail.com,4,2025-08-06
118,Daniel,Rossi,daniel.rossi118@yahoo.com,5,2024-12-28
119,Liam,Rossi,liam.rossi119@gmail.com,15,2025-07-20
120,Diego,Tanaka,diego.tanaka120@outlook.com,2,2025-07-22
121,Grace,Brown,grace.brown121@gmail.com,10,2024-12-25
122,Kwame,Muller,,9,2025-10-25
123,Ava,Tanaka,ava.tanaka123@gmail.com,2,2025-10-05
124,Fatima,Kim,fatima.kim124@yahoo.com,14,2026-02-05
125,Mateo,Rodriguez,mateo.rodriguez125@gmail.com,14,2025-08-14
126,Chen,Nguyen,chen.nguyen126@gmail.com,2,2026-02-01
127,Priya,Khan,priya.khan127@yahoo.com,5,2025-02-22
128,Fatima,Rossi,fatima.rossi128@gmail.com,2,2024-10-15
129,Priya,Brown,priya.brown129@gmail.com,10,2025-06-22
130,Aisha,Tanaka,aisha.tanaka130@gmail.com,9,2025-12-06
131,Grace,Johnson,grace.johnson131@outlook.com,8,2025-05-30
132,Maria,Dubois,maria.dubois132@yahoo.com,6,2025-03-09
133,Liam,Ali,liam.ali133@yahoo.com,4,2024-12-16
134,Fatima,Johnson,fatima.johnson134@gmail.com,8,2025-09-09
135,Amara,Martinez,amara.martinez135@outlook.com,6,2025-05-17
136,Liam,Johnson,liam.johnson136@outlook.com,8,2025-07-06
137,Mateo,Silva,mateo.silva137@outlook.com,14,2024-12-14
138,Priya,Martinez,,7,2025-08-14
139,Priya,Silva,priya.silva139@gmail.com,15,2025-04-10
140,James,Ali,james.ali140@gmail.com,14,2025-02-28
141,Hannah,Chen,hannah.chen141@gmail.com,14,2025-01-27
142,Fatima,Garcia,,1,2025-11-02
143,Ava,Kim,ava.kim143@gmail.com,11,2025-07-16
144,Isabella,Garcia,isabella.garcia144@yahoo.com,9,2025-04-26
145,Kwame,Nguyen,,9,2024-12-06
146,Lucas,Garcia,lucas.garcia146@yahoo.com,15,2024-12-18
147,Noah,Khan,noah.khan147@outlook.com,15,2025-06-20
148,Chen,Rossi,chen.rossi148@gmail.com,9,2025-09-24
149,Nadia,Tanaka,nadia.tanaka149@yahoo.com,12,2024-10-18
150,Diego,Anderson,diego.anderson150@yahoo.com,8,2025-08-25
151,Chen,Rossi,chen.rossi151@outlook.com,14,2025-09-06
152,Sofia,Muller,sofia.muller152@yahoo.com,12,2025-12-14
153,Hannah,Garcia,hannah.garcia153@outlook.com,7,2025-08-23
154,Mohammed,Anderson,mohammed.anderson154@yahoo.com,10,2025-09-15
155,Amara,Nguyen,amara.nguyen155@yahoo.com,7,2025-05-16
156,James,Tanaka,james.tanaka156@gmail.com,12,2025-08-11
157,Chen,Kim,chen.kim157@outlook.com,4,2025-04-11
158,Olivia,Garcia,olivia.garcia158@gmail.com,2,2025-03-19
159,Chen,Muller,chen.muller159@gmail.com,2,2025-03-03
160,Grace,Silva,grace.silva160@outlook.com,13,2025-01-08
161,Wei,Brown,wei.brown161@yahoo.com,12,2026-01-31
162,Sofia,Chen,sofia.chen162@outlook.com,2,2024-10-05
163,Zara,Rodriguez,zara.rodriguez163@gmail.com,4,2025-01-26
164,Aisha,Muller,aisha.muller164@outlook.com,14,2025-10-22
165,Ines,Kim,ines.kim165@gmail.com,10,2025-04-24
166,Liam,Nguyen,liam.nguyen166@outlook.com,5,2025-11-13
167,Amara,Garcia,amara.garcia167@outlook.com,8,2025-05-16
168,Liam,Silva,liam.silva168@gmail.com,12,2025-11-28
169,Chen,Smith,chen.smith169@yahoo.com,8,2024-10-22
170,Noah,Silva,noah.silva170@yahoo.com,6,2025-04-11
171,Aisha,Garcia,aisha.garcia171@outlook.com,8,2025-01-01
172,Aisha,Silva,aisha.silva172@gmail.com,12,2025-06-25
173,Ava,Rossi,ava.rossi173@outlook.com,5,2024-10-19
174,Ryan,Rossi,ryan.rossi174@yahoo.com,2,2025-05-14
175,Ava,Patel,ava.patel175@outlook.com,7,2024-12-31
176,Ryan,Patel,,7,2026-01-23
177,Noah,Patel,noah.patel177@gmail.com,7,2024-12-18
178,Ines,Garcia,ines.garcia178@yahoo.com,4,2026-01-29
179,Olivia,Chen,olivia.chen179@yahoo.com,14,2025-11-13
180,Hannah,Osei,hannah.osei180@gmail.com,14,2025-07-07
181,Maria,Osei,maria.osei181@yahoo.com,4,2024-10-28
182,Hannah,Martinez,hannah.martinez182@gmail.com,10,2025-02-21
183,Daniel,Rossi,daniel.rossi183@yahoo.com,15,2025-12-14
184,Maria,Anderson,maria.anderson184@yahoo.com,15,2025-06-06
185,Chen,Silva,chen.silva185@yahoo.com,3,2025-03-01
186,Daniel,Martinez,,5,2025-07-05
187,Sofia,Novak,sofia.novak187@outlook.com,10,2025-02-22
188,Jack,Anderson,jack.anderson188@yahoo.com,5,2024-12-26
189,Priya,Patel,priya.patel189@outlook.com,15,2025-12-22
190,Kwame,Muller,kwame.muller190@gmail.com,13,2025-01-03
191,Daniel,Brown,daniel.brown191@gmail.com,5,2025-02-07
192,Fatima,Chen,fatima.chen192@gmail.com,1,2025-10-02
193,Daniel,Ali,daniel.ali193@yahoo.com,10,2024-12-21
194,Diego,Khan,diego.khan194@gmail.com,4,2025-12-10
195,Lucas,Rossi,lucas.rossi195@gmail.com,2,2026-01-01
196,Ines,Martinez,ines.martinez196@yahoo.com,1,2025-10-20
197,Ryan,Garcia,ryan.garcia197@gmail.com,2,2025-09-24
198,Nadia,Martinez,nadia.martinez198@outlook.com,13,2025-06-27
199,Olivia,Khan,olivia.khan199@gmail.com,3,2025-11-28
200,Amara,Silva,amara.silva200@gmail.com,8,2025-05-10
201,Yuki,Nguyen,yuki.nguyen201@outlook.com,3,2026-01-21
202,Ines,Novak,ines.novak202@yahoo.com,1,2025-01-25
203,Hannah,Dubois,hannah.dubois203@gmail.com,13,2025-08-13
204,Lucas,Patel,lucas.patel204@outlook.com,3,2025-02-21
205,Noah,Patel,noah.patel205@outlook.com,6,2024-10-20
206,Ethan,Osei,ethan.osei206@gmail.com,14,2025-07-30
207,Fatima,Rossi,fatima.rossi207@gmail.com,5,2026-01-16
208,Liam,Rodriguez,liam.rodriguez208@gmail.com,12,2025-02-22
209,Nadia,Kim,nadia.kim209@outlook.com,7,2025-02-02
210,Lucas,Silva,lucas.silva210@gmail.com,13,2025-07-15
211,Sofia,Johnson,sofia.johnson211@outlook.com,9,2025-02-25
212,Grace,Smith,grace.smith212@outlook.com,8,2024-11-22
213,Wei,Rossi,wei.rossi213@gmail.com,11,2024-12-28
214,Olivia,Anderson,olivia.anderson214@outlook.com,4,2025-03-11
215,Diego,Patel,diego.patel215@yahoo.com,7,2025-01-26
216,Hannah,Rossi,hannah.rossi216@gmail.com,8,2025-07-12
217,Jack,Muller,,14,2025-02-18
218,Wei,Garcia,wei.garcia218@gmail.com,15,2025-11-30
219,Diego,Silva,diego.silva219@gmail.com,1,2025-03-21
220,Sofia,Rossi,sofia.rossi220@yahoo.com,14,2025-07-04
221,Kwame,Martinez,kwame.martinez221@outlook.com,1,2025-07-21
222,Aisha,Silva,aisha.silva222@gmail.com,4,2025-03-04
223,Chen,Dubois,chen.dubois223@gmail.com,11,2026-01-24
224,Fatima,Khan,fatima.khan224@gmail.com,2,2024-10-22
225,Emma,Rodriguez,emma.rodriguez225@gmail.com,14,2026-02-06
226,Daniel,Khan,daniel.khan226@yahoo.com,2,2026-01-20
227,Nadia,Brown,nadia.brown227@outlook.com,14,2026-01-17
228,Lucas,Patel,,12,2025-04-04
229,Mohammed,Tanaka,mohammed.tanaka229@gmail.com,5,2025-04-05
230,Zara,Rossi,zara.rossi230@yahoo.com,15,2024-11-21
231,Emma,Chen,emma.chen231@outlook.com,11,2024-12-21
232,Priya,Patel,priya.patel232@outlook.com,11,2024-10-05
233,Noah,Ali,noah.ali233@outlook.com,15,2024-11-17
234,Zara,Muller,zara.muller234@gmail.com,2,2025-05-26
235,Isabella,Smith,isabella.smith235@gmail.com,11,2025-12-21
236,Wei,Martinez,wei.martinez236@yahoo.com,12,2024-11-08
237,Liam,Johnson,liam.johnson237@gmail.com,14,2025-06-20
238,Ethan,Nguyen,ethan.nguyen238@yahoo.com,7,2025-11-05
239,Jack,Garcia,jack.garcia239@gmail.com,12,2025-05-18
240,Yuki,Novak,,12,2024-11-21
241,Emma,Johnson,emma.johnson241@outlook.com,7,2024-11-01
242,Priya,Tanaka,priya.tanaka242@yahoo.com,9,2025-11-05
243,Nadia,Novak,nadia.novak243@yahoo.com,7,2025-11-07
244,Chen,Johnson,chen.johnson244@outlook.com,5,2026-02-03
245,Fatima,Osei,fatima.osei245@outlook.com,4,2025-05-08
246,Olivia,Silva,olivia.silva246@outlook.com,14,2025-10-22
247,Priya,Rossi,priya.rossi247@gmail.com,13,2025-03-25
248,Kwame,Garcia,kwame.garcia248@gmail.com,14,2025-06-24
249,Wei,Novak,wei.novak249@outlook.com,11,2025-12-06
250,Noah,Martinez,noah.martinez250@outlook.com,7,2026-01-29
251,Ines,Osei,,15,2025-11-28
252,Chen,Dubois,chen.dubois252@yahoo.com,12,2026-01-11
253,Grace,Khan,grace.khan253@yahoo.com,7,2025-01-28
254,Zara,Tanaka,zara.tanaka254@gmail.com,12,2025-12-15
255,Jack,Garcia,jack.garcia255@yahoo.com,12,2025-09-02
256,Liam,Johnson,liam.johnson256@yahoo.com,9,2024-11-08
257,Ryan,Novak,ryan.novak257@gmail.com,7,2025-07-17
258,Chen,Martinez,chen.martinez258@outlook.com,7,2025-01-31
259,Kwame,Tanaka,kwame.tanaka259@gmail.com,13,2024-12-03
260,Olivia,Johnson,olivia.johnson260@gmail.com,11,2024-11-04
261,Lucas,Garcia,lucas.garcia261@outlook.com,1,2026-01-14
262,Ava,Dubois,ava.dubois262@yahoo.com,2,2024-11-26
263,Chen,Novak,chen.novak263@gmail.com,8,2026-01-09
264,Noah,Brown,noah.brown264@yahoo.com,12,2025-01-01
265,Wei,Nguyen,wei.nguyen265@outlook.com,7,2025-01-31
266,Wei,Patel,wei.patel266@gmail.com,13,2024-12-06
267,Olivia,Patel,olivia.patel267@gmail.com,15,2025-05-28
268,Ryan,Martinez,ryan.martinez268@gmail.com,9,2025-06-19
269,Ines,Anderson,ines.anderson269@gmail.com,5,2025-12-30
270,Fatima,Tanaka,fatima.tanaka270@outlook.com,7,2025-09-27
271,Kwame,Anderson,kwame.anderson271@yahoo.com,15,2026-02-07
272,Maria,Martinez,maria.martinez272@gmail.com,2,2025-01-07
273,Ryan,Chen,ryan.chen273@outlook.com,15,2025-06-28
274,Emma,Dubois,emma.dubois274@outlook.com,2,2026-01-05
275,Diego,Johnson,diego.johnson275@yahoo.com,10,2025-05-07
276,Mohammed,Rossi,mohammed.rossi276@gmail.com,2,2025-01-06
277,Chen,Kim,,9,2025-09-28
278,Mateo,Muller,mateo.muller278@yahoo.com,8,2025-12-05
279,Noah,Osei,,9,2025-12-10
280,Nadia,Patel,nadia.patel280@gmail.com,14,2026-01-10
281,Maria,Patel,maria.patel281@yahoo.com,9,2025-02-08
282,Kwame,Rodriguez,kwame.rodriguez282@yahoo.com,8,2025-08-22
283,Amara,Brown,amara.brown283@yahoo.com,6,2025-04-22
284,Mateo,Chen,mateo.chen284@gmail.com,9,2025-04-30
285,Sofia,Khan,sofia.khan285@gmail.com,5,2024-12-21
286,Mateo,Tanaka,mateo.tanaka286@gmail.com,15,2025-09-23
287,Ryan,Kim,ryan.kim287@yahoo.com,3,2025-06-23
288,Ava,Garcia,ava.garcia288@gmail.com,6,2025-06-14
289,Zara,Silva,zara.silva289@yahoo.com,3,2025-01-29
290,Noah,Smith,noah.smith290@yahoo.com,10,2025-06-05
291,Jack,Silva,jack.silva291@gmail.com,14,2025-10-09
292,Diego,Khan,diego.khan292@gmail.com,10,2025-10-21
293,Yuki,Anderson,yuki.anderson293@gmail.com,15,2026-01-08
294,Ryan,Dubois,ryan.dubois294@yahoo.com,6,2025-04-03
295,Ava,Kim,ava.kim295@gmail.com,7,2025-03-24
296,Fatima,Chen,fatima.chen296@gmail.com,1,2025-01-21
297,Jack,Garcia,jack.garcia297@gmail.com,9,2025-11-06
298,Liam,Muller,liam.muller298@outlook.com,1,2025-01-03
299,Jack,Anderson,jack.anderson299@gmail.com,14,2025-10-29
300,Zara,Johnson,zara.johnson300@outlook.com,1,2025-04-10
301,Fatima,Nguyen,fatima.nguyen301@outlook.com,13,2025-01-29
302,Diego,Nguyen,diego.nguyen302@gmail.com,11,2025-02-16
303,Aisha,Johnson,aisha.johnson303@gmail.com,9,2025-03-21
304,Chen,Khan,chen.khan304@gmail.com,9,2024-12-31
305,Lucas,Silva,lucas.silva305@gmail.com,8,2025-12-05
306,Chen,Garcia,chen.garcia306@outlook.com,8,2025-04-01
307,Zara,Brown,zara.brown307@outlook.com,13,2025-05-09
308,Jack,Anderson,jack.anderson308@yahoo.com,8,2025-09-21
309,James,Brown,james.brown309@yahoo.com,4,2025-10-17
310,Kwame,Khan,kwame.khan310@outlook.com,12,2024-11-04
311,Amara,Khan,amara.khan311@gmail.com,13,2024-12-04
312,Olivia,Dubois,olivia.dubois312@yahoo.com,7,2025-05-04
313,Ethan,Johnson,ethan.johnson313@yahoo.com,4,2025-10-09
314,Maria,Smith,maria.smith314@gmail.com,4,2025-09-01
315,Sofia,Novak,sofia.novak315@gmail.com,12,2026-01-04
316,Ines,Novak,ines.novak316@gmail.com,15,2025-04-29
317,Aisha,Kim,aisha.kim317@gmail.com,8,2024-10-03
318,Olivia,Anderson,olivia.anderson318@gmail.com,13,2025-08-01
319,Diego,Ali,,15,2025-09-04
320,James,Johnson,james.johnson320@yahoo.com,14,2025-12-23
321,Ava,Muller,ava.muller321@gmail.com,3,2024-12-18
322,Chen,Kim,chen.kim322@outlook.com,6,2025-05-06
323,Zara,Chen,zara.chen323@gmail.com,3,2024-12-22
324,Olivia,Garcia,olivia.garcia324@yahoo.com,8,2026-02-09
325,Mohammed,Chen,mohammed.chen325@yahoo.com,5,2024-12-26
326,Sofia,Johnson,sofia.johnson326@gmail.com,15,2025-06-27
327,Emma,Chen,emma.chen327@yahoo.com,14,2025-02-15
328,Liam,Nguyen,liam.nguyen328@gmail.com,6,2025-08-13
329,Chen,Anderson,chen.anderson329@gmail.com,14,2025-05-05
330,Diego,Dubois,diego.dubois330@gmail.com,2,2025-02-02
331,Amara,Rodriguez,amara.rodriguez331@outlook.com,4,2025-06-28
332,Priya,Chen,priya.chen332@yahoo.com,8,2024-12-19
333,Ryan,Khan,ryan.khan333@outlook.com,4,2026-02-05
334,Hannah,Nguyen,hannah.nguyen334@outlook.com,2,2026-02-06
335,Aisha,Rodriguez,aisha.rodriguez335@yahoo.com,7,2025-11-21
336,Diego,Rossi,diego.rossi336@gmail.com,14,2025-02-04
337,Ava,Brown,ava.brown337@outlook.com,6,2024-10-04
338,Mohammed,Patel,mohammed.patel338@yahoo.com,15,2025-08-26
339,Zara,Dubois,zara.dubois339@yahoo.com,3,2024-11-18
340,Lucas,Brown,lucas.brown340@yahoo.com,10,2025-10-25
341,Priya,Rossi,priya.rossi341@gmail.com,1,2026-01-11
342,Emma,Tanaka,emma.tanaka342@yahoo.com,3,2025-03-10
343,Kwame,Ali,kwame.ali343@gmail.com,2,2025-10-11
344,James,Rodriguez,james.rodriguez344@gmail.com,7,2025-03-29
345,Hannah,Johnson,hannah.johnson345@gmail.com,4,2025-10-03
346,Jack,Nguyen,,9,2025-11-04
347,Aisha,Muller,aisha.muller347@outlook.com,15,2025-05-10
348,Mohammed,Chen,mohammed.chen348@yahoo.com,9,2024-12-01
349,Mateo,Ali,mateo.ali349@yahoo.com,9,2024-10-30
350,Ethan,Khan,ethan.khan350@gmail.com,12,2025-09-05
351,Ines,Rossi,ines.rossi351@gmail.com,2,2024-12-06
352,Wei,Garcia,wei.garcia352@gmail.com,3,2024-11-13
353,Wei,Silva,wei.silva353@outlook.com,10,2024-11-12
354,Diego,Nguyen,diego.nguyen354@gmail.com,1,2026-01-13
355,Mohammed,Khan,mohammed.khan355@yahoo.com,14,2024-11-04
356,Sofia,Anderson,sofia.anderson356@gmail.com,5,2025-11-04
357,Amara,Dubois,amara.dubois357@yahoo.com,9,2025-12-15
358,Wei,Brown,wei.brown358@gmail.com,1,2025-08-22
359,Ines,Johnson,ines.johnson359@outlook.com,2,2025-03-19
360,Kwame,Tanaka,kwame.tanaka360@outlook.com,3,2025-03-13
361,Grace,Anderson,grace.anderson361@gmail.com,2,2024-10-26
362,Olivia,Muller,olivia.muller362@gmail.com,7,2025-11-21
363,Hannah,Brown,hannah.brown363@yahoo.com,3,2024-10-19
364,Hannah,Silva,hannah.silva364@outlook.com,1,2026-01-08
365,Zara,Chen,zara.chen365@outlook.com,1,2025-04-23
366,Ava,Kim,ava.kim366@yahoo.com,15,2026-01-28
367,Ryan,Chen,ryan.chen367@gmail.com,1,2025-07-21
368,James,Martinez,james.martinez368@yahoo.com,4,2025-09-20
369,James,Novak,james.novak369@gmail.com,1,2025-04-19
370,Yuki,Muller,yuki.muller370@gmail.com,3,2025-02-22
371,Hannah,Tanaka,hannah.tanaka371@outlook.com,4,2024-12-18
372,Hannah,Silva,hannah.silva372@gmail.com,15,2025-03-24
373,Aisha,Anderson,aisha.anderson373@outlook.com,10,2024-10-05
374,Nadia,Nguyen,nadia.nguyen374@outlook.com,10,2025-03-11
375,Noah,Tanaka,noah.tanaka375@outlook.com,1,2025-01-29
376,Nadia,Novak,nadia.novak376@outlook.com,9,2024-10-19
377,Priya,Kim,priya.kim377@yahoo.com,13,2025-04-25
378,Olivia,Martinez,olivia.martinez378@yahoo.com,2,2025-05-04
379,Sofia,Chen,sofia.chen379@gmail.com,11,2026-02-05
380,Kwame,Chen,kwame.chen380@gmail.com,9,2025-02-05
381,Daniel,Smith,daniel.smith381@gmail.com,6,2026-01-05
382,Isabella,Chen,isabella.chen382@gmail.com,3,2025-06-17
383,Yuki,Patel,yuki.patel383@yahoo.com,5,2025-05-14
384,Emma,Kim,emma.kim384@gmail.com,4,2025-03-18
385,Kwame,Ali,kwame.ali385@outlook.com,12,2024-12-10
386,Mohammed,Kim,mohammed.kim386@gmail.com,15,2026-01-04
387,Zara,Silva,zara.silva387@yahoo.com,13,2024-11-22
388,Ethan,Martinez,ethan.martinez388@outlook.com,9,2025-02-01
389,Yuki,Smith,,15,2025-12-07
390,Zara,Rodriguez,zara.rodriguez390@gmail.com,7,2025-07-15
391,Mateo,Chen,mateo.chen391@gmail.com,4,2025-07-11
392,Ines,Martinez,ines.martinez392@yahoo.com,4,2025-03-01
393,Ines,Silva,ines.silva393@outlook.com,11,2025-01-07
394,Ines,Garcia,ines.garcia394@yahoo.com,9,2024-10-31
395,Yuki,Martinez,yuki.martinez395@gmail.com,7,2025-08-28
396,Hannah,Khan,hannah.khan396@yahoo.com,13,2025-06-19
397,Zara,Chen,zara.chen397@gmail.com,11,2024-10-12
398,Chen,Silva,chen.silva398@yahoo.com,13,2025-07-24
399,Ryan,Osei,ryan.osei399@gmail.com,3,2025-01-08
400,Amara,Brown,amara.brown400@outlook.com,9,2024-12-02
401,Aisha,Brown,aisha.brown401@gmail.com,12,2025-09-01
402,Grace,Nguyen,grace.nguyen402@gmail.com,9,2025-10-13
403,Hannah,Smith,hannah.smith403@yahoo.com,6,2025-10-01
404,Ava,Rossi,ava.rossi404@yahoo.com,4,2025-01-03
405,Fatima,Rossi,fatima.rossi405@gmail.com,9,2025-01-02
406,Grace,Brown,grace.brown406@gmail.com,8,2025-01-13
407,Mateo,Rossi,mateo.rossi407@yahoo.com,8,2025-05-01
408,James,Anderson,james.anderson408@gmail.com,4,2025-04-25
409,James,Muller,james.muller409@gmail.com,3,2025-10-18
410,Emma,Johnson,emma.johnson410@yahoo.com,2,2024-12-12
411,James,Silva,james.silva411@yahoo.com,2,2024-11-18
412,Diego,Johnson,diego.johnson412@outlook.com,3,2025-12-26
413,Lucas,Novak,lucas.novak413@gmail.com,2,2025-10-04
414,Maria,Martinez,maria.martinez414@yahoo.com,2,2025-11-01
415,Ethan,Chen,ethan.chen415@outlook.com,9,2025-06-14
416,Priya,Smith,priya.smith416@yahoo.com,2,2025-01-12
417,Maria,Smith,maria.smith417@outlook.com,7,2025-07-01
418,Olivia,Novak,olivia.novak418@yahoo.com,2,2025-12-15
419,Ava,Nguyen,ava.nguyen419@outlook.com,11,2025-12-06
420,Chen,Silva,chen.silva420@gmail.com,4,2025-01-08
421,James,Silva,james.silva421@yahoo.com,5,2025-05-20
422,Sofia,Nguyen,sofia.nguyen422@yahoo.com,15,2025-03-01
423,Mohammed,Garcia,,13,2025-02-10
424,Noah,Kim,noah.kim424@gmail.com,15,2025-07-04
425,Fatima,Muller,fatima.muller425@outlook.com,6,2025-02-26
426,Emma,Nguyen,emma.nguyen426@gmail.com,10,2025-09-08
427,Nadia,Chen,nadia.chen427@gmail.com,1,2025-11-17
428,Ava,Muller,,3,2024-11-06
429,Ines,Tanaka,,9,2025-10-15
430,Aisha,Patel,aisha.patel430@gmail.com,11,2025-02-14
431,Sofia,Novak,,14,2025-03-20
432,Priya,Johnson,priya.johnson432@outlook.com,1,2025-02-23
433,Hannah,Anderson,hannah.anderson433@outlook.com,6,2026-01-10
434,Priya,Brown,priya.brown434@outlook.com,10,2024-12-24
435,Mateo,Garcia,mateo.garcia435@outlook.com,6,2025-06-04
436,Wei,Rossi,wei.rossi436@outlook.com,12,2024-12-06
437,Maria,Martinez,maria.martinez437@gmail.com,8,2025-03-24
438,Wei,Rodriguez,wei.rodriguez438@gmail.com,2,2025-08-26
439,Mateo,Rodriguez,mateo.rodriguez439@gmail.com,4,2024-10-25
440,Jack,Tanaka,jack.tanaka440@yahoo.com,4,2025-10-14
441,Priya,Patel,priya.patel441@gmail.com,15,2024-10-25
442,Liam,Kim,liam.kim442@gmail.com,13,2025-05-30
443,Emma,Smith,emma.smith443@yahoo.com,8,2025-06-06
444,Nadia,Kim,nadia.kim444@yahoo.com,2,2025-01-22
445,Emma,Tanaka,emma.tanaka445@yahoo.com,7,2025-03-26
446,Kwame,Khan,kwame.khan446@yahoo.com,2,2024-10-07
447,Wei,Patel,wei.patel447@yahoo.com,9,2025-04-18
448,Ryan,Chen,ryan.chen448@gmail.com,15,2025-03-16
449,Mohammed,Silva,mohammed.silva449@outlook.com,11,2025-09-26
450,Nadia,Anderson,nadia.anderson450@gmail.com,15,2026-01-04
451,Wei,Osei,wei.osei451@gmail.com,5,2025-03-22
452,Priya,Silva,priya.silva452@yahoo.com,11,2025-03-03
453,Sofia,Dubois,sofia.dubois453@yahoo.com,1,2025-07-23
454,Maria,Nguyen,maria.nguyen454@outlook.com,6,2025-11-04
455,Ryan,Rodriguez,ryan.rodriguez455@yahoo.com,5,2026-01-13
456,Chen,Brown,chen.brown456@gmail.com,12,2025-06-29
457,Aisha,Osei,aisha.osei457@gmail.com,14,2025-03-03
458,Yuki,Osei,yuki.osei458@gmail.com,3,2026-02-11
459,Diego,Rossi,diego.rossi459@outlook.com,5,2025-02-27
460,Ava,Silva,ava.silva460@yahoo.com,5,2026-02-08
461,Grace,Nguyen,grace.nguyen461@outlook.com,10,2024-10-16
462,Fatima,Ali,fatima.ali462@outlook.com,8,2025-07-27
463,Yuki,Martinez,yuki.martinez463@yahoo.com,3,2024-10-23
464,Maria,Anderson,maria.anderson464@gmail.com,15,2025-06-02
465,Olivia,Silva,olivia.silva465@gmail.com,4,2025-03-04
466,Noah,Silva,noah.silva466@gmail.com,3,2024-11-11
467,Sofia,Khan,sofia.khan467@gmail.com,11,2025-07-21
468,Yuki,Osei,,11,2024-11-06
469,Mohammed,Novak,mohammed.novak469@yahoo.com,11,2026-02-07
470,Ryan,Rodriguez,ryan.rodriguez470@yahoo.com,9,2024-11-16
471,Priya,Dubois,priya.dubois471@gmail.com,1,2025-08-05
472,Nadia,Smith,nadia.smith472@gmail.com,9,2025-10-17
473,Ethan,Chen,ethan.chen473@yahoo.com,5,2025-11-17
474,Zara,Smith,zara.smith474@gmail.com,2,2025-10-08
475,Wei,Muller,wei.muller475@yahoo.com,10,2024-12-01
476,Sofia,Khan,sofia.khan476@gmail.com,13,2025-03-06
477,Emma,Garcia,emma.garcia477@gmail.com,4,2025-01-14
478,Jack,Osei,jack.osei478@gmail.com,4,2025-03-12
479,Sofia,Tanaka,sofia.tanaka479@gmail.com,2,2024-10-04
480,Mohammed,Silva,mohammed.silva480@gmail.com,15,2024-11-07
481,Wei,Martinez,wei.martinez481@yahoo.com,7,2025-10-03
482,Aisha,Rodriguez,aisha.rodriguez482@yahoo.com,5,2024-10-15
483,Ava,Tanaka,ava.tanaka483@outlook.com,6,2025-02-23
484,Zara,Anderson,zara.anderson484@gmail.com,1,2025-11-18
485,Olivia,Rossi,olivia.rossi485@gmail.com,6,2025-05-02
486,Priya,Rodriguez,priya.rodriguez486@outlook.com,15,2024-10-21
487,Liam,Brown,liam.brown487@gmail.com,10,2026-01-27
488,Amara,Kim,,7,2024-11-26
489,Maria,Muller,maria.muller489@outlook.com,13,2024-11-23
490,Wei,Kim,wei.kim490@yahoo.com,15,2025-03-03
491,Isabella,Martinez,isabella.martinez491@outlook.com,14,2025-04-14
492,Kwame,Brown,kwame.brown492@gmail.com,8,2025-04-13
493,Emma,Silva,emma.silva493@outlook.com,6,2025-12-11
494,Priya,Brown,priya.brown494@yahoo.com,9,2025-01-07
495,Kwame,Novak,kwame.novak495@yahoo.com,8,2024-12-08
496,Wei,Anderson,wei.anderson496@outlook.com,1,2025-11-23
497,Wei,Garcia,wei.garcia497@outlook.com,11,2025-11-27
498,Yuki,Rodriguez,yuki.rodriguez498@outlook.com,14,2025-05-23
499,Priya,Khan,priya.khan499@outlook.com,10,2025-04-25
500,Mateo,Smith,,11,2025-09-11
501,Kwame,Brown,kwame.brown501@outlook.com,6,2025-11-30
502,Isabella,Khan,isabella.khan502@outlook.com,2,2025-02-20
503,Diego,Anderson,diego.anderson503@outlook.com,14,2024-11-22
504,Lucas,Muller,lucas.muller504@gmail.com,12,2025-04-18
505,Isabella,Rodriguez,isabella.rodriguez505@yahoo.com,4,2025-04-08
506,Isabella,Ali,isabella.ali506@yahoo.com,9,2024-10-18
507,Mohammed,Anderson,mohammed.anderson507@gmail.com,3,2025-04-06
508,Sofia,Patel,sofia.patel508@gmail.com,10,2026-02-05
509,Aisha,Smith,aisha.smith509@outlook.com,8,2025-12-02
510,Chen,Tanaka,chen.tanaka510@gmail.com,6,2025-12-25
511,Ryan,Novak,ryan.novak511@outlook.com,1,2026-01-09
512,Jack,Silva,jack.silva512@gmail.com,13,2025-09-05
513,Zara,Anderson,zara.anderson513@gmail.com,11,2025-06-06
514,Emma,Kim,emma.kim514@outlook.com,12,2025-08-26
515,Ryan,Osei,ryan.osei515@gmail.com,1,2025-12-11
516,Fatima,Muller,fatima.muller516@gmail.com,9,2025-03-30
517,Liam,Novak,liam.novak517@yahoo.com,7,2025-03-25
518,Liam,Rossi,liam.rossi518@outlook.com,12,2025-05-06
519,Liam,Rossi,,4,2025-06-27
520,Yuki,Smith,,12,2025-12-29
521,Isabella,Ali,isabella.ali521@gmail.com,9,2025-03-08
522,Ava,Ali,ava.ali522@gmail.com,11,2024-12-08
523,Ava,Nguyen,ava.nguyen523@gmail.com,15,2025-08-04
524,Priya,Johnson,priya.johnson524@yahoo.com,14,2024-11-24
525,Daniel,Novak,daniel.novak525@yahoo.com,15,2025-01-28
526,Aisha,Dubois,aisha.dubois526@outlook.com,9,2024-11-27
527,Hannah,Brown,,13,2025-09-29
528,Wei,Osei,wei.osei528@outlook.com,1,2025-08-17
529,Hannah,Rossi,hannah.rossi529@gmail.com,1,2025-11-05
530,Amara,Patel,amara.patel530@gmail.com,7,2025-02-21
531,Amara,Patel,amara.patel531@gmail.com,4,2025-07-28
532,Mateo,Johnson,mateo.johnson532@outlook.com,5,2024-11-13
533,Olivia,Rodriguez,olivia.rodriguez533@yahoo.com,11,2025-11-14
534,Lucas,Tanaka,lucas.tanaka534@gmail.com,9,2025-07-12
535,Ryan,Martinez,ryan.martinez535@gmail.com,8,2025-09-18
536,Hannah,Brown,hannah.brown536@yahoo.com,11,2025-11-06
537,Noah,Tanaka,noah.tanaka537@yahoo.com,4,2025-06-22
538,Zara,Rossi,zara.rossi538@outlook.com,9,2025-04-07
539,Amara,Tanaka,amara.tanaka539@outlook.com,2,2025-03-25
540,Noah,Silva,noah.silva540@gmail.com,11,2025-03-22
541,Ethan,Novak,ethan.novak541@outlook.com,15,2025-07-22
542,Zara,Khan,zara.khan542@gmail.com,7,2025-01-29
543,Mateo,Patel,mateo.patel543@outlook.com,3,2025-09-22
544,Mohammed,Rossi,mohammed.rossi544@outlook.com,13,2025-11-19
545,Jack,Khan,jack.khan545@gmail.com,1,2024-11-03
546,Nadia,Patel,nadia.patel546@yahoo.com,3,2024-11-03
547,Mateo,Martinez,mateo.martinez547@yahoo.com,11,2025-10-17
548,Noah,Kim,noah.kim548@outlook.com,7,2024-12-31
549,Zara,Silva,zara.silva549@yahoo.com,13,2025-04-13
550,Zara,Brown,zara.brown550@yahoo.com,15,2025-03-04
551,Isabella,Osei,isabella.osei551@outlook.com,3,2024-11-02
552,Ethan,Garcia,ethan.garcia552@yahoo.com,13,2025-08-29
553,Lucas,Khan,lucas.khan553@yahoo.com,12,2025-05-31
554,Ava,Johnson,ava.johnson554@gmail.com,8,2025-06-06
555,Jack,Martinez,jack.martinez555@outlook.com,13,2026-01-15
556,Chen,Smith,chen.smith556@yahoo.com,13,2025-10-01
557,Emma,Muller,emma.muller557@outlook.com,14,2025-03-26
558,Sofia,Muller,sofia.muller558@yahoo.com,4,2025-11-18
559,Liam,Martinez,liam.martinez559@outlook.com,3,2025-04-21
560,James,Rossi,james.rossi560@gmail.com,10,2025-08-30
561,Olivia,Ali,olivia.ali561@gmail.com,13,2025-03-03
562,Liam,Rodriguez,liam.rodriguez562@yahoo.com,5,2025-09-19
563,Lucas,Kim,lucas.kim563@outlook.com,12,2025-11-04
564,Sofia,Novak,sofia.novak564@gmail.com,5,2025-02-28
565,Amara,Rodriguez,amara.rodriguez565@gmail.com,13,2025-05-25
566,Diego,Anderson,diego.anderson566@gmail.com,14,2026-02-08
567,James,Martinez,james.martinez567@outlook.com,7,2024-11-24
568,Wei,Martinez,wei.martinez568@outlook.com,2,2025-06-20
569,Grace,Dubois,grace.dubois569@gmail.com,7,2025-07-21
570,Priya,Martinez,priya.martinez570@outlook.com,2,2024-11-14
571,Grace,Rossi,grace.rossi571@gmail.com,1,2025-01-18
572,Jack,Dubois,jack.dubois572@yahoo.com,13,2025-08-25
573,Daniel,Brown,daniel.brown573@yahoo.com,9,2025-10-29
574,Fatima,Anderson,fatima.anderson574@outlook.com,11,2025-01-28
575,Grace,Martinez,grace.martinez575@outlook.com,5,2025-09-20
576,Wei,Garcia,wei.garcia576@gmail.com,1,2025-06-21
577,Yuki,Anderson,yuki.anderson577@yahoo.com,11,2025-03-18
578,Nadia,Dubois,nadia.dubois578@gmail.com,13,2025-02-16
579,Aisha,Anderson,aisha.anderson579@gmail.com,3,2025-12-26
580,Liam,Johnson,liam.johnson580@gmail.com,15,2025-04-28
581,Maria,Martinez,maria.martinez581@gmail.com,11,2025-10-19
582,Isabella,Anderson,isabella.anderson582@gmail.com,10,2025-09-03
583,Grace,Novak,grace.novak583@yahoo.com,13,2026-01-08
584,Hannah,Martinez,hannah.martinez584@yahoo.com,12,2024-12-04
585,Noah,Anderson,noah.anderson585@yahoo.com,14,2025-03-26
586,Daniel,Dubois,daniel.dubois586@gmail.com,11,2025-01-04
587,Diego,Anderson,diego.anderson587@yahoo.com,1,2025-10-15
588,Noah,Garcia,noah.garcia588@gmail.com,6,2025-09-25
589,Chen,Muller,chen.muller589@outlook.com,14,2025-04-24
590,Priya,Novak,priya.novak590@yahoo.com,6,2025-01-08
591,Hannah,Johnson,hannah.johnson591@gmail.com,11,2025-06-19
592,Fatima,Ali,fatima.ali592@yahoo.com,4,2025-08-22
593,Kwame,Rodriguez,kwame.rodriguez593@gmail.com,12,2024-10-09
594,James,Rodriguez,james.rodriguez594@gmail.com,15,2024-11-29
595,Lucas,Martinez,lucas.martinez595@gmail.com,5,2024-12-02
596,Liam,Muller,,12,2025-05-23
597,Kwame,Brown,kwame.brown597@gmail.com,11,2025-04-17
598,Fatima,Rodriguez,fatima.rodriguez598@outlook.com,15,2025-07-12
599,Yuki,Patel,yuki.patel599@yahoo.com,4,2025-04-20
600,Noah,Nguyen,noah.nguyen600@yahoo.com,13,2025-03-03
601,Liam,Rossi,liam.rossi601@outlook.com,14,2025-07-24
602,Maria,Rodriguez,maria.rodriguez602@yahoo.com,4,2025-06-16
603,Kwame,Ali,kwame.ali603@gmail.com,14,2025-02-05
604,Amara,Anderson,amara.anderson604@gmail.com,13,2025-07-05
605,James,Dubois,james.dubois605@outlook.com,2,2024-12-24
606,Isabella,Muller,isabella.muller606@gmail.com,8,2025-06-15
607,Isabella,Silva,isabella.silva607@yahoo.com,8,2026-01-06
608,Grace,Tanaka,grace.tanaka608@yahoo.com,11,2025-08-25
609,James,Novak,james.novak609@gmail.com,1,2025-08-28
610,Lucas,Martinez,lucas.martinez610@yahoo.com,1,2024-10-11
611,Ryan,Khan,ryan.khan611@yahoo.com,2,2025-05-23
612,Ines,Martinez,ines.martinez612@outlook.com,10,2025-03-12
613,Aisha,Tanaka,aisha.tanaka613@gmail.com,8,2025-10-07
614,Isabella,Muller,isabella.muller614@yahoo.com,5,2025-11-23
615,Lucas,Khan,lucas.khan615@outlook.com,3,2025-02-04
616,Fatima,Khan,fatima.khan616@outlook.com,14,2025-09-06
617,Mohammed,Ali,mohammed.ali617@yahoo.com,7,2025-10-07
618,Wei,Brown,wei.brown618@gmail.com,10,2026-01-25
619,Kwame,Dubois,kwame.dubois619@gmail.com,5,2026-01-08
620,Emma,Rodriguez,emma.rodriguez620@yahoo.com,9,2024-10-25
621,Zara,Anderson,zara.anderson621@yahoo.com,10,2025-08-06
622,Emma,Garcia,emma.garcia622@yahoo.com,9,2025-04-17
623,Diego,Anderson,diego.anderson623@outlook.com,13,2025-02-07
624,Lucas,Martinez,lucas.martinez624@yahoo.com,8,2025-12-13
625,Mohammed,Nguyen,mohammed.nguyen625@yahoo.com,12,2025-04-18
626,Chen,Khan,chen.khan626@gmail.com,11,2025-04-26
627,Liam,Smith,liam.smith627@yahoo.com,1,2025-08-17
628,Chen,Patel,,8,2024-12-14
629,Nadia,Muller,nadia.muller629@gmail.com,14,2025-07-16
630,Daniel,Osei,daniel.osei630@outlook.com,14,2025-05-11
631,Mateo,Muller,mateo.muller631@gmail.com,7,2025-09-06
632,Ines,Brown,ines.brown632@outlook.com,13,2025-11-17
633,Daniel,Brown,daniel.brown633@gmail.com,12,2025-01-07
634,Liam,Johnson,liam.johnson634@gmail.com,8,2025-11-06
635,Mateo,Muller,mateo.muller635@gmail.com,1,2024-11-05
636,Mateo,Chen,mateo.chen636@gmail.com,11,2024-11-02
637,Mateo,Garcia,mateo.garcia637@outlook.com,8,2025-06-27
638,Mohammed,Smith,mohammed.smith638@gmail.com,9,2024-11-13
639,Yuki,Johnson,yuki.johnson639@outlook.com,3,2025-02-02
640,Daniel,Tanaka,daniel.tanaka640@outlook.com,1,2025-05-21
641,Mateo,Khan,,7,2024-12-28
642,Amara,Rossi,amara.rossi642@gmail.com,15,2025-03-10
643,Chen,Tanaka,chen.tanaka643@outlook.com,1,2025-01-19
644,Sofia,Garcia,sofia.garcia644@yahoo.com,2,2025-07-17
645,Priya,Rossi,priya.rossi645@outlook.com,3,2025-09-06
646,Aisha,Brown,aisha.brown646@yahoo.com,1,2024-12-15
647,Liam,Osei,liam.osei647@gmail.com,10,2026-01-03
648,Priya,Garcia,priya.garcia648@yahoo.com,5,2025-09-07
649,Sofia,Silva,,4,2024-12-02
650,Olivia,Rossi,olivia.rossi650@yahoo.com,8,2025-06-11
651,Hannah,Smith,hannah.smith651@gmail.com,6,2024-10-09
652,Priya,Garcia,priya.garcia652@outlook.com,10,2025-02-13
653,Emma,Chen,emma.chen653@gmail.com,1,2025-02-26
654,Sofia,Muller,sofia.muller654@gmail.com,10,2025-11-08
655,Fatima,Smith,fatima.smith655@yahoo.com,9,2025-12-01
656,Maria,Chen,maria.chen656@outlook.com,10,2026-01-15
657,Liam,Johnson,liam.johnson657@gmail.com,2,2024-11-03
658,Sofia,Rossi,sofia.rossi658@outlook.com,7,2025-08-26
659,Grace,Muller,,15,2024-12-03
660,Jack,Smith,jack.smith660@gmail.com,11,2025-08-09
661,Ryan,Ali,ryan.ali661@gmail.com,5,2024-10-14
662,Maria,Chen,maria.chen662@gmail.com,6,2024-12-12
663,Liam,Dubois,liam.dubois663@outlook.com,11,2025-01-31
664,Kwame,Rossi,kwame.rossi664@gmail.com,5,2025-07-17
665,Wei,Martinez,wei.martinez665@outlook.com,13,2025-03-04
666,Ines,Ali,ines.ali666@gmail.com,1,2024-11-12
667,James,Novak,james.novak667@outlook.com,12,2025-08-10
668,Ethan,Osei,,11,2025-12-01
669,Hannah,Ali,hannah.ali669@gmail.com,8,2024-11-07
670,Priya,Smith,priya.smith670@gmail.com,8,2025-02-22
671,Grace,Novak,grace.novak671@yahoo.com,5,2025-05-21
672,Sofia,Johnson,sofia.johnson672@gmail.com,11,2024-12-05
673,Ava,Smith,ava.smith673@gmail.com,14,2025-05-13
674,Ryan,Silva,ryan.silva674@outlook.com,5,2025-08-25
675,Jack,Chen,jack.chen675@gmail.com,12,2025-12-16
676,Kwame,Dubois,kwame.dubois676@outlook.com,10,2025-02-28
677,Zara,Tanaka,zara.tanaka677@yahoo.com,5,2025-09-03
678,Maria,Rossi,maria.rossi678@gmail.com,1,2025-01-06
679,Maria,Rossi,maria.rossi679@gmail.com,6,2024-10-08
680,Zara,Brown,zara.brown680@yahoo.com,3,2026-02-02
681,Hannah,Muller,hannah.muller681@outlook.com,4,2024-12-26
682,Daniel,Khan,daniel.khan682@gmail.com,14,2025-04-27
683,Kwame,Dubois,kwame.dubois683@gmail.com,12,2025-05-26
684,Maria,Khan,maria.khan684@yahoo.com,11,2025-11-24
685,Daniel,Chen,daniel.chen685@outlook.com,13,2025-05-20
686,Ethan,Johnson,ethan.johnson686@yahoo.com,1,2024-10-06
687,Ryan,Chen,ryan.chen687@gmail.com,14,2024-12-07
688,Ryan,Rodriguez,ryan.rodriguez688@gmail.com,3,2024-11-12
689,Mohammed,Johnson,mohammed.johnson689@gmail.com,12,2025-05-24
690,Isabella,Ali,isabella.ali690@yahoo.com,9,2025-06-23
691,Kwame,Khan,kwame.khan691@gmail.com,10,2025-12-09
692,Fatima,Muller,fatima.muller692@outlook.com,15,2026-01-30
693,Mateo,Johnson,mateo.johnson693@outlook.com,9,2026-01-09
694,Olivia,Garcia,olivia.garcia694@gmail.com,9,2025-05-30
695,Lucas,Brown,lucas.brown695@outlook.com,15,2025-01-02
696,Ethan,Tanaka,ethan.tanaka696@yahoo.com,7,2025-01-02
697,Ethan,Osei,ethan.osei697@outlook.com,3,2025-05-14
698,Grace,Muller,,14,2025-12-20
699,James,Smith,james.smith699@gmail.com,8,2025-01-09
700,Zara,Tanaka,zara.tanaka700@yahoo.com,1,2025-07-10
701,Grace,Rossi,grace.rossi701@gmail.com,13,2025-12-06
702,Isabella,Kim,isabella.kim702@gmail.com,12,2025-03-14
703,Daniel,Smith,daniel.smith703@yahoo.com,9,2025-06-21
704,Maria,Silva,maria.silva704@yahoo.com,7,2025-08-02
705,James,Smith,james.smith705@outlook.com,15,2024-12-09
706,Amara,Kim,amara.kim706@yahoo.com,7,2026-01-26
707,Kwame,Rodriguez,kwame.rodriguez707@yahoo.com,7,2025-04-17
708,Grace,Rodriguez,grace.rodriguez708@gmail.com,4,2025-11-30
709,Wei,Brown,wei.brown709@outlook.com,6,2025-11-30
710,Wei,Smith,wei.smith710@yahoo.com,12,2025-11-13
711,Emma,Silva,emma.silva711@gmail.com,1,2025-10-30
712,Daniel,Martinez,daniel.martinez712@gmail.com,1,2025-05-25
713,Lucas,Garcia,lucas.garcia713@outlook.com,4,2025-09-23
714,Maria,Rossi,maria.rossi714@gmail.com,2,2024-11-24
715,Olivia,Osei,olivia.osei715@outlook.com,14,2025-12-11
716,Jack,Khan,jack.khan716@gmail.com,10,2025-12-25
717,Nadia,Khan,,6,2026-02-08
718,Priya,Kim,,4,2025-03-07
719,Aisha,Rodriguez,aisha.rodriguez719@gmail.com,2,2024-11-20
720,Jack,Osei,jack.osei720@outlook.com,2,2025-02-09
721,Priya,Dubois,priya.dubois721@outlook.com,1,2024-10-16
722,Maria,Khan,maria.khan722@yahoo.com,1,2024-10-16
723,James,Muller,james.muller723@outlook.com,10,2025-04-12
724,Lucas,Patel,lucas.patel724@yahoo.com,8,2025-05-30
725,Priya,Anderson,priya.anderson725@yahoo.com,12,2025-05-23
726,Olivia,Nguyen,olivia.nguyen726@yahoo.com,3,2024-12-26
727,Ines,Garcia,ines.garcia727@outlook.com,14,2025-12-26
728,Kwame,Muller,,8,2025-10-31
729,Noah,Novak,noah.novak729@gmail.com,9,2025-06-22
730,Yuki,Johnson,yuki.johnson730@gmail.com,10,2025-10-10
731,Hannah,Tanaka,hannah.tanaka731@gmail.com,8,2026-01-28
732,Isabella,Novak,isabella.novak732@outlook.com,7,2024-10-15
733,Isabella,Brown,isabella.brown733@outlook.com,9,2025-06-17
734,Ryan,Nguyen,ryan.nguyen734@yahoo.com,8,2025-12-20
735,Hannah,Ali,hannah.ali735@yahoo.com,9,2025-06-21
736,Ava,Anderson,ava.anderson736@gmail.com,10,2026-02-08
737,Olivia,Patel,,12,2026-01-27
738,Zara,Smith,zara.smith738@outlook.com,3,2024-10-02
739,Liam,Silva,liam.silva739@gmail.com,15,2025-11-11
740,Liam,Silva,liam.silva740@gmail.com,10,2025-06-28
741,Jack,Osei,jack.osei741@yahoo.com,3,2025-04-29
742,Zara,Brown,zara.brown742@gmail.com,8,2025-08-20
743,Kwame,Rossi,kwame.rossi743@outlook.com,9,2024-10-20
744,Diego,Nguyen,diego.nguyen744@outlook.com,13,2025-06-18
745,Mohammed,Rossi,mohammed.rossi745@yahoo.com,13,2025-03-10
746,Emma,Johnson,emma.johnson746@gmail.com,15,2024-12-29
747,Hannah,Rodriguez,hannah.rodriguez747@gmail.com,15,2025-02-18
748,Priya,Nguyen,priya.nguyen748@gmail.com,11,2025-09-30
749,Hannah,Dubois,hannah.dubois749@outlook.com,12,2025-08-10
750,Olivia,Novak,olivia.novak750@yahoo.com,1,2024-11-27
751,Zara,Garcia,,13,2025-01-23
752,Emma,Brown,emma.brown752@outlook.com,2,2025-07-11
753,Jack,Osei,jack.osei753@yahoo.com,15,2025-02-10
754,Fatima,Anderson,fatima.anderson754@gmail.com,4,2025-06-08
755,Liam,Rossi,liam.rossi755@gmail.com,2,2025-03-28
756,Daniel,Smith,daniel.smith756@yahoo.com,12,2026-01-02
757,Yuki,Ali,yuki.ali757@yahoo.com,7,2025-02-20
758,Ryan,Chen,ryan.chen758@outlook.com,6,2025-04-20
759,Grace,Tanaka,grace.tanaka759@gmail.com,6,2024-12-11
760,Sofia,Martinez,sofia.martinez760@yahoo.com,1,2025-10-22
761,Olivia,Garcia,,11,2025-02-09
762,Emma,Chen,emma.chen762@gmail.com,6,2025-08-26
763,Sofia,Rossi,sofia.rossi763@gmail.com,1,2025-01-27
764,Chen,Anderson,chen.anderson764@gmail.com,10,2026-01-15
765,Noah,Anderson,noah.anderson765@gmail.com,14,2025-12-11
766,Wei,Osei,wei.osei766@gmail.com,13,2025-06-25
767,Maria,Brown,maria.brown767@gmail.com,2,2025-02-01
768,Grace,Muller,grace.muller768@gmail.com,12,2025-03-17
769,Fatima,Rodriguez,fatima.rodriguez769@gmail.com,4,2025-11-27
770,Yuki,Tanaka,yuki.tanaka770@gmail.com,1,2025-10-28
771,Jack,Rossi,jack.rossi771@yahoo.com,14,2025-12-13
772,Maria,Silva,maria.silva772@gmail.com,2,2024-11-15
773,Sofia,Patel,,4,2025-07-30
774,Yuki,Johnson,yuki.johnson774@outlook.com,3,2025-08-08
775,Wei,Rossi,wei.rossi775@gmail.com,2,2025-07-24
776,Maria,Silva,maria.silva776@outlook.com,9,2024-11-13
777,Aisha,Garcia,aisha.garcia777@yahoo.com,15,2025-08-27
778,Priya,Silva,priya.silva778@outlook.com,3,2024-12-31
779,Hannah,Rodriguez,hannah.rodriguez779@outlook.com,13,2025-04-09
780,Mohammed,Khan,mohammed.khan780@yahoo.com,3,2025-07-11
781,Ava,Anderson,ava.anderson781@gmail.com,5,2025-12-02
782,Ryan,Chen,ryan.chen782@outlook.com,15,2025-06-30
783,Ryan,Tanaka,ryan.tanaka783@gmail.com,6,2025-09-30
784,Nadia,Novak,nadia.novak784@gmail.com,15,2025-11-02
785,Mateo,Smith,mateo.smith785@gmail.com,11,2025-11-07
786,Ava,Johnson,ava.johnson786@gmail.com,8,2025-12-05
787,Jack,Rodriguez,jack.rodriguez787@outlook.com,14,2025-10-08
788,Ava,Patel,ava.patel788@gmail.com,2,2025-05-29
789,Aisha,Johnson,aisha.johnson789@gmail.com,9,2024-12-15
790,Nadia,Muller,nadia.muller790@outlook.com,5,2025-11-06
791,Maria,Johnson,maria.johnson791@outlook.com,11,2025-02-24
792,Yuki,Osei,yuki.osei792@outlook.com,13,2025-05-23
793,Diego,Ali,diego.ali793@gmail.com,6,2024-11-22
794,Ryan,Rossi,ryan.rossi794@outlook.com,12,2025-04-28
795,Noah,Martinez,noah.martinez795@yahoo.com,4,2026-01-07
796,Ethan,Smith,ethan.smith796@outlook.com,6,2025-11-18
797,Liam,Brown,,10,2025-08-19
798,Olivia,Rossi,,15,2024-11-08
799,Priya,Garcia,priya.garcia799@outlook.com,10,2025-05-15
800,Daniel,Tanaka,daniel.tanaka800@yahoo.com,15,2025-11-25
801,Liam,Muller,liam.muller801@gmail.com,2,2026-02-08
802,Olivia,Ali,,14,2025-08-13
803,Diego,Martinez,diego.martinez803@gmail.com,1,2025-04-02
804,Kwame,Ali,kwame.ali804@outlook.com,14,2025-08-14
805,Yuki,Kim,yuki.kim805@gmail.com,9,2025-02-20
806,Lucas,Novak,lucas.novak806@gmail.com,9,2025-10-16
807,Diego,Rodriguez,diego.rodriguez807@outlook.com,4,2025-06-15
808,Daniel,Patel,daniel.patel808@gmail.com,6,2025-08-15
809,Mohammed,Martinez,mohammed.martinez809@gmail.com,10,2025-06-11
810,Lucas,Nguyen,lucas.nguyen810@yahoo.com,5,2025-02-09
811,Noah,Nguyen,noah.nguyen811@gmail.com,10,2024-10-08
812,Zara,Smith,zara.smith812@gmail.com,1,2025-01-19
813,Ryan,Smith,ryan.smith813@yahoo.com,14,2024-12-22
814,Yuki,Khan,,2,2025-11-13
815,Fatima,Khan,fatima.khan815@gmail.com,5,2024-12-11
816,James,Martinez,,7,2025-05-22
817,Mohammed,Kim,mohammed.kim817@yahoo.com,2,2024-11-13
818,Amara,Ali,amara.ali818@outlook.com,6,2025-05-30
819,Ava,Silva,ava.silva819@gmail.com,15,2024-10-20
820,Olivia,Nguyen,olivia.nguyen820@outlook.com,9,2025-10-03
821,Emma,Martinez,emma.martinez821@outlook.com,9,2024-11-18
822,Emma,Khan,emma.khan822@yahoo.com,13,2024-10-15
823,Zara,Khan,zara.khan823@outlook.com,6,2025-04-21
824,Ava,Brown,ava.brown824@gmail.com,7,2025-12-07
825,Jack,Garcia,jack.garcia825@outlook.com,4,2025-03-07
826,Kwame,Garcia,,13,2025-08-23
827,Ava,Dubois,ava.dubois827@gmail.com,2,2024-11-04
828,Aisha,Nguyen,aisha.nguyen828@gmail.com,7,2025-11-04
829,Wei,Ali,wei.ali829@gmail.com,2,2025-03-12
830,Yuki,Muller,yuki.muller830@yahoo.com,13,2025-10-07
831,Wei,Muller,wei.muller831@yahoo.com,14,2025-08-12
832,Ryan,Johnson,ryan.johnson832@gmail.com,5,2024-12-06
833,Ryan,Muller,ryan.muller833@yahoo.com,14,2025-06-22
834,Fatima,Muller,fatima.muller834@gmail.com,6,2025-04-30
835,Zara,Garcia,zara.garcia835@gmail.com,9,2025-08-11
836,Ryan,Silva,ryan.silva836@gmail.com,14,2025-07-17
837,Wei,Osei,wei.osei837@yahoo.com,14,2025-09-09
838,Zara,Garcia,zara.garcia838@gmail.com,7,2025-01-13
839,Aisha,Nguyen,aisha.nguyen839@outlook.com,8,2024-12-07
840,Zara,Martinez,zara.martinez840@gmail.com,3,2025-09-25
841,Wei,Johnson,wei.johnson841@yahoo.com,10,2025-08-31
842,Wei,Dubois,wei.dubois842@yahoo.com,7,2025-02-11
843,Ethan,Kim,ethan.kim843@gmail.com,7,2024-11-02
844,Zara,Johnson,zara.johnson844@gmail.com,15,2025-02-21
845,Aisha,Kim,aisha.kim845@yahoo.com,12,2025-05-01
846,Kwame,Novak,kwame.novak846@gmail.com,13,2025-03-12
847,Mohammed,Nguyen,mohammed.nguyen847@outlook.com,13,2025-05-01
848,Ines,Osei,ines.osei848@outlook.com,8,2025-07-28
849,Zara,Anderson,zara.anderson849@gmail.com,3,2025-01-14
850,Kwame,Osei,kwame.osei850@gmail.com,13,2025-11-15
851,Isabella,Martinez,isabella.martinez109@gmail.com,4,2026-03-20
852,Diego,Rossi,diego.rossi459@outlook.com,5,2025-06-14
853,Ines,Novak,ines.novak202@yahoo.com,1,2025-03-21
854,Noah,Khan,noah.khan147@outlook.com,15,2025-08-23
855,Lucas,Kim,lucas.kim563@outlook.com,12,2026-02-03
856,Ava,Anderson,ava.anderson781@gmail.com,5,2026-02-24
857,Jack,Martinez,jack.martinez555@outlook.com,13,2026-02-04
858,Fatima,Anderson,fatima.anderson574@outlook.com,11,2025-04-20
859,Emma,Silva,emma.silva711@gmail.com,1,2026-02-18
860,Kwame,Garcia,kwame.garcia248@gmail.com,14,2025-09-23
861,Mohammed,Martinez,mohammed.martinez809@gmail.com,10,2025-08-10
862,Yuki,Novak,,12,2025-01-25
