order_id,customer_id,employee_id,order_date,channel
1,39,13,2025-01-01,Meta Ads
2,328,15,2025-01-01,Referral
3,545,8,2025-01-01,Organic Search
4,629,14,2025-01-01,Email
5,83,,2025-01-01,Email
6,834,12,2025-01-01,Referral
7,719,,2025-01-01,Organic Search
8,388,7,2025-01-02,Google Ads
9,114,,2025-01-02,Email
10,4,21,2025-01-02,Meta Ads
11,423,,2025-01-02,Email
12,596,25,2025-01-02,Email
13,162,,2025-01-02,Meta Ads
14,57,,2025-01-03,Meta Ads
15,254,25,2025-01-03,Google Ads
16,806,7,2025-01-03,Meta Ads
17,113,,2025-01-03,Meta Ads
18,157,,2025-01-03,Google Ads
19,139,16,2025-01-03,Organic Search
20,395,20,2025-01-03,Google Ads
21,790,6,2025-01-03,Affiliate
22,480,16,2025-01-03,Organic Search
23,335,20,2025-01-03,Meta Ads
24,487,,2025-01-04,Google Ads
25,728,,2025-01-04,Affiliate
26,247,,2025-01-04,Meta Ads
27,573,7,2025-01-04,Affiliate
28,808,12,2025-01-05,Meta Ads
29,627,10,2025-01-05,Affiliate
30,674,9,2025-01-05,Email
31,186,6,2025-01-05,Meta Ads
32,189,16,2025-01-06,Organic Search
33,588,12,2025-01-06,Email
34,831,14,2025-01-06,Organic Search
35,763,8,2025-01-06,Email
36,276,,2025-01-06,Organic Search
37,567,20,2025-01-07,Organic Search
38,321,,2025-01-07,Email
39,686,8,2025-01-07,Email
40,216,,2025-01-07,Organic Search
41,796,12,2025-01-07,Affiliate
42,494,7,2025-01-07,Meta Ads
43,401,21,2025-01-07,Google Ads
44,437,,2025-01-07,Referral
45,702,25,2025-01-08,Referral
46,391,24,2025-01-08,Organic Search
47,168,21,2025-01-08,Organic Search
48,264,25,2025-01-08,Organic Search
49,554,,2025-01-08,Google Ads
50,653,8,2025-01-08,Organic Search
51,475,13,2025-01-08,Organic Search
52,353,13,2025-01-08,Affiliate
53,435,11,2025-01-08,Google Ads
54,355,14,2025-01-08,Google Ads
55,678,10,2025-01-09,Organic Search
56,305,,2025-01-09,Email
57,105,14,2025-01-09,Organic Search
58,803,8,2025-01-09,Referral
59,669,,2025-01-09,Meta Ads
60,779,,2025-01-09,Meta Ads
61,209,20,2025-01-09,Email
62,309,24,2025-01-09,Google Ads
63,212,,2025-01-09,Organic Search
64,659,16,2025-01-09,Affiliate
65,620,7,2025-01-09,Affiliate
66,552,,2025-01-10,Affiliate
67,241,20,2025-01-10,Meta Ads
68,491,14,2025-01-10,Google Ads
69,390,20,2025-01-10,Referral
70,683,21,2025-01-10,Affiliate
71,60,,2025-01-10,Organic Search
72,195,,2025-01-10,Meta Ads
73,359,,2025-01-11,Email
74,8,25,2025-01-11,Email
75,640,10,2025-01-11,Meta Ads
76,492,,2025-01-11,Email
77,785,,2025-01-11,Affiliate
78,239,21,2025-01-11,Google Ads
79,2,14,2025-01-11,Affiliate
80,64,,2025-01-11,Email
81,744,,2025-01-12,Affiliate
82,318,,2025-01-12,Email
83,579,17,2025-01-12,Affiliate
84,1,21,2025-01-12,Affiliate
85,184,16,2025-01-12,Google Ads
86,46,,2025-01-13,Email
87,516,7,2025-01-13,Email
88,745,,2025-01-13,Organic Search
89,494,7,2025-01-13,Referral
90,54,23,2025-01-13,Affiliate
91,834,15,2025-01-13,Google Ads
92,688,17,2025-01-13,Meta Ads
93,223,,2025-01-13,Affiliate
94,363,18,2025-01-13,Affiliate
95,625,21,2025-01-14,Referral
96,511,,2025-01-14,Referral
97,642,16,2025-01-14,Meta Ads
98,801,,2025-01-14,Referral
99,713,24,2025-01-14,Referral
100,760,10,2025-01-14,Email
101,79,14,2025-01-14,Google Ads
102,556,,2025-01-14,Meta Ads
103,165,13,2025-01-15,Affiliate
104,676,13,2025-01-15,Email
105,806,7,2025-01-15,Email
106,362,,2025-01-15,Google Ads
107,24,9,2025-01-16,Email
108,116,9,2025-01-16,Google Ads
109,441,16,2025-01-16,Google Ads
110,556,,2025-01-16,Email
111,22,14,2025-01-16,Referral
112,825,22,2025-01-16,Meta Ads
113,16,,2025-01-17,Meta Ads
114,810,6,2025-01-17,Google Ads
115,761,,2025-01-17,Email
116,3,,2025-01-17,Affiliate
117,701,,2025-01-17,Affiliate
118,128,,2025-01-17,Email
119,349,7,2025-01-17,Email
120,303,7,2025-01-17,Organic Search
121,507,18,2025-01-17,Referral
122,148,7,2025-01-18,Google Ads
123,302,,2025-01-18,Google Ads
124,30,20,2025-01-18,Google Ads
125,1,25,2025-01-18,Referral
126,24,6,2025-01-18,Affiliate
127,168,,2025-01-18,Affiliate
128,170,11,2025-01-18,Referral
129,360,19,2025-01-18,Email
130,361,,2025-01-18,Affiliate
131,107,19,2025-01-18,Organic Search
132,471,,2025-01-18,Referral
133,648,6,2025-01-18,Referral
134,432,8,2025-01-18,Affiliate
135,536,,2025-01-18,Referral
136,741,17,2025-01-18,Google Ads
137,701,,2025-01-19,Referral
138,533,,2025-01-19,Meta Ads
139,586,,2025-01-19,Organic Search
140,586,,2025-01-19,Affiliate
141,521,,2025-01-19,Affiliate
142,518,21,2025-01-20,Email
143,276,,2025-01-20,Affiliate
144,191,6,2025-01-20,Organic Search
145,800,16,2025-01-20,Affiliate
146,633,23,2025-01-20,Affiliate
147,322,11,2025-01-20,Google Ads
148,292,13,2025-01-21,Organic Search
149,810,9,2025-01-21,Organic Search
150,827,,2025-01-21,Email
151,826,,2025-01-21,Organic Search
152,836,14,2025-01-21,Referral
153,615,19,2025-01-22,Meta Ads
154,337,,2025-01-22,Affiliate
155,683,23,2025-01-22,Referral
156,30,20,2025-01-22,Meta Ads
157,826,,2025-01-22,Affiliate
158,257,20,2025-01-22,Email
159,32,20,2025-01-23,Google Ads
160,83,,2025-01-23,Organic Search
161,366,16,2025-01-23,Meta Ads
162,649,22,2025-01-23,Organic Search
163,778,,2025-01-23,Meta Ads
164,722,10,2025-01-23,Meta Ads
165,242,7,2025-01-23,Google Ads
166,572,,2025-01-23,Email
167,155,,2025-01-23,Google Ads
168,748,,2025-01-23,Affiliate
169,462,,2025-01-24,Email
170,751,,2025-01-24,Affiliate
171,77,,2025-01-24,Affiliate
172,426,13,2025-01-24,Affiliate
173,604,,2025-01-24,Referral
174,776,7,2025-01-24,Referral
175,774,18,2025-01-25,Referral
176,111,22,2025-01-25,Email
177,818,12,2025-01-25,Referral
178,416,,2025-01-25,Referral
179,646,8,2025-01-25,Organic Search
180,274,,2025-01-26,Referral
181,494,7,2025-01-26,Affiliate
182,475,13,2025-01-26,Google Ads
183,713,22,2025-01-26,Organic Search
184,78,6,2025-01-27,Affiliate
185,776,7,2025-01-27,Referral
186,73,8,2025-01-27,Organic Search
187,693,7,2025-01-27,Referral
188,165,13,2025-01-28,Email
189,48,19,2025-01-28,Referral
190,155,20,2025-01-28,Meta Ads
191,739,16,2025-01-28,Email
192,700,8,2025-01-28,Email
193,122,7,2025-01-28,Meta Ads
194,41,6,2025-01-28,Organic Search
195,602,24,2025-01-28,Affiliate
196,14,14,2025-01-29,Google Ads
197,220,14,2025-01-29,Affiliate
198,553,21,2025-01-29,Google Ads
199,725,21,2025-01-29,Email
200,27,,2025-01-29,Referral
201,571,,2025-01-29,Organic Search
202,614,6,2025-01-30,Email
203,472,7,2025-01-30,Google Ads
204,552,,2025-01-30,Referral
205,432,8,2025-01-30,Referral
206,381,,2025-01-30,Email
207,32,20,2025-01-30,Meta Ads
208,213,,2025-01-30,Referral
209,489,,2025-01-31,Organic Search
210,788,,2025-01-31,Google Ads
211,454,11,2025-01-31,Email
212,591,,2025-01-31,Organic Search
213,135,12,2025-01-31,Meta Ads
214,477,24,2025-01-31,Affiliate
215,550,16,2025-01-31,Email
216,516,7,2025-01-31,Meta Ads
217,386,16,2025-02-01,Referral
218,271,,2025-02-01,Affiliate
219,53,,2025-02-01,Organic Search
220,736,13,2025-02-01,Referral
221,407,,2025-02-01,Organic Search
222,274,,2025-02-01,Email
223,730,13,2025-02-01,Organic Search
224,447,7,2025-02-01,Meta Ads
225,274,,2025-02-01,Organic Search
226,729,7,2025-02-01,Organic Search
227,286,16,2025-02-01,Email
228,306,,2025-02-02,Organic Search
229,736,13,2025-02-02,Google Ads
230,299,14,2025-02-02,Referral
231,448,16,2025-02-02,Email
232,1,23,2025-02-02,Email
233,317,,2025-02-02,Google Ads
234,81,19,2025-02-03,Google Ads
235,460,6,2025-02-03,Organic Search
236,451,6,2025-02-03,Email
237,813,,2025-02-03,Google Ads
238,383,9,2025-02-03,Affiliate
239,533,,2025-02-03,Email
240,81,17,2025-02-04,Email
241,298,10,2025-02-04,Referral
242,359,,2025-02-04,Referral
243,559,18,2025-02-04,Email
244,371,22,2025-02-05,Email
245,392,24,2025-02-05,Referral
246,563,21,2025-02-05,Meta Ads
247,230,16,2025-02-05,Organic Search
248,451,9,2025-02-05,Affiliate
249,63,,2025-02-05,Affiliate
250,139,16,2025-02-05,Meta Ads
251,357,7,2025-02-06,Affiliate
252,552,,2025-02-06,Referral
253,447,7,2025-02-06,Affiliate
254,721,10,2025-02-06,Meta Ads
255,843,20,2025-02-06,Email
256,676,13,2025-02-06,Google Ads
257,25,,2025-02-06,Email
258,136,,2025-02-06,Meta Ads
259,311,,2025-02-07,Affiliate
260,585,14,2025-02-07,Organic Search
261,748,,2025-02-07,Organic Search
262,61,20,2025-02-08,Referral
263,137,14,2025-02-08,Email
264,386,16,2025-02-08,Meta Ads
265,78,9,2025-02-09,Affiliate
266,843,20,2025-02-09,Referral
267,728,,2025-02-09,Email
268,465,,2025-02-09,Organic Search
269,780,18,2025-02-09,Meta Ads
270,370,18,2025-02-09,Affiliate
271,56,,2025-02-09,Meta Ads
272,648,6,2025-02-10,Organic Search
273,536,,2025-02-10,Affiliate
274,136,,2025-02-11,Referral
275,646,8,2025-02-11,Organic Search
276,257,20,2025-02-11,Email
277,58,12,2025-02-11,Affiliate
278,401,,2025-02-11,Google Ads
279,439,22,2025-02-11,Google Ads
280,581,,2025-02-11,Affiliate
281,514,23,2025-02-12,Referral
282,324,,2025-02-12,Referral
283,556,,2025-02-12,Email
284,346,7,2025-02-12,Meta Ads
285,785,,2025-02-12,Referral
286,245,24,2025-02-13,Organic Search
287,22,14,2025-02-13,Referral
288,96,13,2025-02-13,Affiliate
289,543,17,2025-02-13,Affiliate
290,603,14,2025-02-13,Google Ads
291,554,,2025-02-13,Organic Search
292,858,,2025-02-13,Affiliate
293,660,,2025-02-13,Meta Ads
294,591,,2025-02-14,Meta Ads
295,582,13,2025-02-14,Organic Search
296,548,20,2025-02-14,Affiliate
297,53,,2025-02-14,Email
298,579,,2025-02-14,Organic Search
299,481,20,2025-02-14,Meta Ads
300,323,19,2025-02-15,Affiliate
301,527,,2025-02-15,Meta Ads
302,761,,2025-02-15,Google Ads
303,749,21,2025-02-15,Meta Ads
304,640,8,2025-02-15,Email
305,216,,2025-02-15,Email
306,291,14,2025-02-15,Google Ads
307,648,6,2025-02-15,Meta Ads
308,703,7,2025-02-15,Referral
309,150,,2025-02-16,Google Ads
310,760,8,2025-02-16,Email
311,340,13,2025-02-16,Email
312,175,20,2025-02-16,Meta Ads
313,149,21,2025-02-16,Organic Search
314,343,,2025-02-16,Meta Ads
315,83,,2025-02-16,Meta Ads
316,713,22,2025-02-16,Referral
317,603,14,2025-02-17,Affiliate
318,611,,2025-02-17,Referral
319,164,14,2025-02-17,Email
320,171,,2025-02-17,Referral
321,843,20,2025-02-17,Organic Search
322,506,7,2025-02-17,Referral
323,341,8,2025-02-17,Referral
324,77,13,2025-02-17,Meta Ads
325,520,25,2025-02-18,Organic Search
326,743,7,2025-02-18,Email
327,732,,2025-02-18,Referral
328,396,,2025-02-18,Google Ads
329,666,10,2025-02-19,Organic Search
330,18,,2025-02-19,Affiliate
331,157,24,2025-02-19,Google Ads
332,244,6,2025-02-20,Affiliate
333,120,,2025-02-20,Organic Search
334,128,,2025-02-20,Affiliate
335,58,11,2025-02-20,Meta Ads
336,546,,2025-02-20,Affiliate
337,322,11,2025-02-20,Affiliate
338,577,,2025-02-20,Referral
339,250,20,2025-02-20,Referral
340,852,6,2025-02-21,Referral
341,147,,2025-02-21,Organic Search
342,635,8,2025-02-21,Organic Search
343,308,,2025-02-21,Referral
344,788,,2025-02-21,Meta Ads
345,172,23,2025-02-21,Organic Search
346,28,23,2025-02-22,Referral
347,401,23,2025-02-22,Meta Ads
348,527,,2025-02-22,Referral
349,281,7,2025-02-22,Meta Ads
350,510,12,2025-02-22,Meta Ads
351,677,6,2025-02-22,Meta Ads
352,267,16,2025-02-22,Email
353,48,17,2025-02-22,Affiliate
354,679,11,2025-02-22,Google Ads
355,858,,2025-02-22,Email
356,283,12,2025-02-22,Meta Ads
357,416,,2025-02-22,Meta Ads
358,516,7,2025-02-23,Referral
359,314,24,2025-02-23,Referral
360,396,,2025-02-23,Organic Search
361,459,,2025-02-23,Email
362,104,9,2025-02-23,Email
363,541,16,2025-02-23,Referral
364,508,13,2025-02-24,Google Ads
365,794,,2025-02-24,Organic Search
366,77,,2025-02-24,Organic Search
367,643,8,2025-02-24,Organic Search
368,466,17,2025-02-24,Google Ads
369,126,,2025-02-24,Affiliate
370,107,17,2025-02-24,Google Ads
371,438,,2025-02-24,Meta Ads
372,320,14,2025-02-24,Organic Search
373,261,10,2025-02-24,Google Ads
374,490,,2025-02-24,Referral
375,836,,2025-02-24,Referral
376,719,,2025-02-25,Organic Search
377,681,24,2025-02-25,Email
378,474,,2025-02-25,Google Ads
379,473,6,2025-02-25,Referral
380,383,9,2025-02-25,Email
381,50,20,2025-02-26,Affiliate
382,860,14,2025-02-26,Email
383,480,16,2025-02-26,Organic Search
384,72,20,2025-02-26,Referral
385,749,23,2025-02-26,Affiliate
386,387,,2025-02-26,Meta Ads
387,10,17,2025-02-26,Organic Search
388,406,,2025-02-26,Email
389,255,21,2025-02-27,Meta Ads
390,214,22,2025-02-27,Referral
391,735,7,2025-02-27,Referral
392,385,21,2025-02-28,Meta Ads
393,679,15,2025-02-28,Organic Search
394,449,,2025-02-28,Affiliate
395,565,,2025-02-28,Meta Ads
396,33,20,2025-02-28,Email
397,242,7,2025-02-28,Google Ads
398,743,,2025-02-28,Referral
399,685,,2025-02-28,Organic Search
400,457,14,2025-03-01,Google Ads
401,254,23,2025-03-01,Affiliate
402,240,21,2025-03-02,Meta Ads
403,644,,2025-03-02,Email
404,236,25,2025-03-02,Email
405,595,9,2025-03-02,Affiliate
406,418,,2025-03-02,Email
407,322,11,2025-03-02,Meta Ads
408,215,20,2025-03-02,Affiliate
409,433,12,2025-03-02,Referral
410,269,6,2025-03-02,Affiliate
411,17,15,2025-03-02,Organic Search
412,650,,2025-03-03,Organic Search
413,76,23,2025-03-03,Organic Search
414,396,,2025-03-03,Organic Search
415,757,20,2025-03-03,Referral
416,422,,2025-03-03,Referral
417,754,24,2025-03-03,Referral
418,301,,2025-03-04,Affiliate
419,418,,2025-03-04,Referral
420,313,22,2025-03-04,Affiliate
421,149,23,2025-03-04,Google Ads
422,168,25,2025-03-04,Organic Search
423,165,13,2025-03-04,Referral
424,760,10,2025-03-04,Meta Ads
425,446,,2025-03-05,Affiliate
426,159,,2025-03-05,Google Ads
427,336,,2025-03-05,Affiliate
428,242,7,2025-03-05,Google Ads
429,695,16,2025-03-05,Organic Search
430,414,,2025-03-05,Affiliate
431,853,8,2025-03-06,Referral
432,260,,2025-03-06,Meta Ads
433,831,14,2025-03-06,Referral
434,861,13,2025-03-06,Google Ads
435,259,,2025-03-06,Email
436,211,7,2025-03-06,Google Ads
437,28,25,2025-03-06,Meta Ads
438,434,13,2025-03-06,Affiliate
439,426,13,2025-03-06,Meta Ads
440,526,7,2025-03-06,Email
441,26,,2025-03-07,Referral
442,502,,2025-03-07,Organic Search
443,367,10,2025-03-07,Affiliate
444,255,23,2025-03-07,Referral
445,108,,2025-03-07,Meta Ads
446,789,7,2025-03-07,Meta Ads
447,199,,2025-03-07,Referral
448,485,15,2025-03-08,Google Ads
449,522,,2025-03-08,Google Ads
450,389,16,2025-03-08,Organic Search
451,5,22,2025-03-08,Meta Ads
452,115,,2025-03-08,Google Ads
453,653,8,2025-03-08,Affiliate
454,661,9,2025-03-08,Email
455,604,,2025-03-09,Organic Search
456,105,14,2025-03-09,Email
457,711,10,2025-03-09,Meta Ads
458,639,19,2025-03-09,Meta Ads
459,447,7,2025-03-09,Email
460,704,20,2025-03-09,Email
461,241,20,2025-03-09,Email
462,200,,2025-03-10,Organic Search
463,674,6,2025-03-10,Referral
464,524,14,2025-03-10,Google Ads
465,753,,2025-03-10,Meta Ads
466,835,7,2025-03-10,Referral
467,589,14,2025-03-10,Referral
468,156,21,2025-03-10,Email
469,576,,2025-03-10,Affiliate
470,854,16,2025-03-10,Google Ads
471,197,,2025-03-11,Organic Search
472,326,16,2025-03-11,Referral
473,490,16,2025-03-11,Meta Ads
474,86,25,2025-03-11,Meta Ads
475,576,8,2025-03-11,Organic Search
476,159,,2025-03-11,Meta Ads
477,594,16,2025-03-11,Google Ads
478,133,22,2025-03-12,Organic Search
479,196,,2025-03-12,Google Ads
480,323,18,2025-03-12,Referral
481,137,14,2025-03-12,Email
482,537,22,2025-03-12,Meta Ads
483,559,19,2025-03-12,Meta Ads
484,564,,2025-03-13,Google Ads
485,502,,2025-03-13,Email
486,565,,2025-03-13,Email
487,590,,2025-03-13,Google Ads
488,237,,2025-03-13,Referral
489,631,20,2025-03-13,Google Ads
490,730,13,2025-03-13,Affiliate
491,355,14,2025-03-14,Affiliate
492,329,14,2025-03-14,Affiliate
493,756,25,2025-03-14,Organic Search
494,518,23,2025-03-14,Google Ads
495,287,18,2025-03-14,Referral
496,572,,2025-03-14,Google Ads
497,717,12,2025-03-15,Email
498,78,6,2025-03-15,Affiliate
499,49,,2025-03-15,Referral
500,19,,2025-03-16,Organic Search
501,62,16,2025-03-16,Referral
502,52,22,2025-03-16,Google Ads
503,278,,2025-03-16,Organic Search
504,768,25,2025-03-16,Meta Ads
505,724,,2025-03-16,Referral
506,493,11,2025-03-16,Meta Ads
507,256,7,2025-03-16,Referral
508,690,7,2025-03-16,Referral
509,232,,2025-03-16,Organic Search
510,789,7,2025-03-16,Organic Search
511,803,8,2025-03-16,Google Ads
512,712,8,2025-03-16,Google Ads
513,300,10,2025-03-17,Meta Ads
514,27,,2025-03-17,Affiliate
515,150,,2025-03-17,Meta Ads
516,322,12,2025-03-17,Affiliate
517,244,9,2025-03-17,Referral
518,103,20,2025-03-17,Meta Ads
519,645,,2025-03-17,Referral
520,189,16,2025-03-17,Organic Search
521,391,22,2025-03-18,Google Ads
522,328,12,2025-03-18,Organic Search
523,463,,2025-03-18,Referral
524,790,6,2025-03-18,Organic Search
525,421,6,2025-03-18,Google Ads
526,716,13,2025-03-18,Meta Ads
527,812,8,2025-03-18,Meta Ads
528,305,,2025-03-18,Referral
529,44,16,2025-03-18,Google Ads
530,109,22,2025-03-18,Meta Ads
531,388,7,2025-03-18,Email
532,356,9,2025-03-19,Google Ads
533,318,,2025-03-19,Referral
534,342,17,2025-03-19,Email
535,25,7,2025-03-19,Referral
536,285,9,2025-03-19,Organic Search
537,645,18,2025-03-20,Affiliate
538,57,,2025-03-20,Meta Ads
539,770,10,2025-03-20,Google Ads
540,86,21,2025-03-20,Google Ads
541,211,7,2025-03-20,Organic Search
542,179,,2025-03-20,Organic Search
543,157,24,2025-03-21,Referral
544,32,20,2025-03-21,Referral
545,720,,2025-03-21,Meta Ads
546,787,14,2025-03-21,Meta Ads
547,846,,2025-03-21,Organic Search
548,506,,2025-03-21,Google Ads
549,332,,2025-03-21,Meta Ads
550,20,22,2025-03-21,Affiliate
551,107,,2025-03-21,Email
552,712,10,2025-03-21,Referral
553,153,20,2025-03-22,Meta Ads
554,467,,2025-03-22,Email
555,76,23,2025-03-22,Google Ads
556,737,23,2025-03-22,Meta Ads
557,258,20,2025-03-22,Referral
558,232,,2025-03-22,Google Ads
559,631,,2025-03-23,Referral
560,30,20,2025-03-23,Email
561,174,,2025-03-23,Affiliate
562,409,18,2025-03-23,Email
563,794,21,2025-03-23,Organic Search
564,117,24,2025-03-23,Meta Ads
565,284,7,2025-03-23,Affiliate
566,577,,2025-03-24,Referral
567,611,,2025-03-24,Referral
568,440,22,2025-03-24,Affiliate
569,381,,2025-03-24,Google Ads
570,561,,2025-03-24,Organic Search
571,260,,2025-03-24,Meta Ads
572,526,7,2025-03-24,Affiliate
573,795,,2025-03-25,Referral
574,844,,2025-03-25,Meta Ads
575,719,,2025-03-25,Google Ads
576,396,,2025-03-25,Referral
577,291,14,2025-03-26,Affiliate
578,554,,2025-03-26,Organic Search
579,1,25,2025-03-26,Email
580,697,,2025-03-26,Affiliate
581,514,25,2025-03-26,Email
582,55,,2025-03-27,Google Ads
583,836,14,2025-03-27,Affiliate
584,745,,2025-03-27,Google Ads
585,675,23,2025-03-27,Affiliate
586,401,25,2025-03-27,Email
587,84,18,2025-03-27,Referral
588,560,13,2025-03-27,Google Ads
589,287,17,2025-03-27,Referral
590,548,20,2025-03-27,Email
591,86,25,2025-03-27,Affiliate
592,154,13,2025-03-27,Google Ads
593,129,13,2025-03-28,Affiliate
594,590,11,2025-03-28,Affiliate
595,413,,2025-03-28,Affiliate
596,799,13,2025-03-28,Meta Ads
597,661,,2025-03-28,Meta Ads
598,131,,2025-03-28,Email
599,592,24,2025-03-28,Organic Search
600,178,,2025-03-28,Email
601,196,10,2025-03-28,Referral
602,603,14,2025-03-29,Meta Ads
603,167,,2025-03-29,Organic Search
604,325,6,2025-03-29,Email
605,274,,2025-03-29,Google Ads
606,111,24,2025-03-29,Google Ads
607,410,,2025-03-29,Referral
608,418,,2025-03-30,Organic Search
609,395,,2025-03-30,Affiliate
610,73,8,2025-03-30,Meta Ads
611,196,8,2025-03-30,Google Ads
612,118,9,2025-03-30,Email
613,137,14,2025-03-30,Organic Search
614,725,25,2025-03-30,Referral
615,455,6,2025-03-31,Referral
616,769,22,2025-03-31,Google Ads
617,310,,2025-03-31,Google Ads
618,387,,2025-03-31,Google Ads
619,600,,2025-03-31,Email
620,715,,2025-03-31,Google Ads
621,525,16,2025-03-31,Meta Ads
622,430,,2025-03-31,Affiliate
623,26,,2025-04-01,Referral
624,709,12,2025-04-01,Organic Search
625,793,15,2025-04-01,Meta Ads
626,167,,2025-04-01,Referral
627,284,7,2025-04-01,Google Ads
628,718,22,2025-04-02,Affiliate
629,247,,2025-04-02,Affiliate
630,780,,2025-04-02,Meta Ads
631,428,,2025-04-02,Referral
632,483,12,2025-04-02,Affiliate
633,813,14,2025-04-02,Google Ads
634,108,,2025-04-02,Referral
635,132,12,2025-04-02,Organic Search
636,435,15,2025-04-02,Referral
637,813,14,2025-04-03,Email
638,851,24,2025-04-03,Email
639,622,7,2025-04-03,Organic Search
640,47,14,2025-04-03,Organic Search
641,444,,2025-04-03,Email
642,244,9,2025-04-03,Affiliate
643,544,,2025-04-03,Affiliate
644,223,,2025-04-03,Google Ads
645,198,,2025-04-04,Meta Ads
646,760,,2025-04-04,Affiliate
647,86,,2025-04-04,Affiliate
648,704,20,2025-04-04,Meta Ads
649,304,7,2025-04-04,Referral
650,280,14,2025-04-04,Google Ads
651,666,8,2025-04-04,Affiliate
652,198,,2025-04-04,Meta Ads
653,90,13,2025-04-04,Affiliate
654,353,,2025-04-04,Referral
655,763,10,2025-04-05,Email
656,210,,2025-04-05,Organic Search
657,385,25,2025-04-05,Email
658,195,,2025-04-05,Meta Ads
659,613,,2025-04-06,Email
660,549,,2025-04-06,Referral
661,2,14,2025-04-06,Organic Search
662,647,13,2025-04-06,Affiliate
663,699,,2025-04-06,Referral
664,758,15,2025-04-06,Meta Ads
665,628,,2025-04-06,Google Ads
666,820,7,2025-04-07,Email
667,71,,2025-04-07,Referral
668,377,,2025-04-07,Meta Ads
669,229,9,2025-04-07,Referral
670,221,8,2025-04-07,Google Ads
671,749,25,2025-04-07,Meta Ads
672,455,9,2025-04-07,Email
673,508,13,2025-04-08,Email
674,840,17,2025-04-08,Organic Search
675,852,9,2025-04-08,Email
676,648,9,2025-04-08,Meta Ads
677,607,,2025-04-08,Affiliate
678,550,16,2025-04-09,Referral
679,385,21,2025-04-09,Affiliate
680,422,16,2025-04-09,Google Ads
681,831,14,2025-04-09,Google Ads
682,1,21,2025-04-10,Meta Ads
683,774,18,2025-04-10,Affiliate
684,734,,2025-04-10,Meta Ads
685,81,17,2025-04-10,Affiliate
686,440,,2025-04-10,Referral
687,126,,2025-04-10,Affiliate
688,368,24,2025-04-11,Email
689,65,8,2025-04-11,Organic Search
690,690,,2025-04-11,Meta Ads
691,666,10,2025-04-11,Organic Search
692,609,10,2025-04-11,Google Ads
693,457,,2025-04-11,Organic Search
694,133,24,2025-04-11,Affiliate
695,3,,2025-04-11,Referral
696,676,13,2025-04-11,Meta Ads
697,441,,2025-04-11,Meta Ads
698,671,,2025-04-11,Google Ads
699,842,20,2025-04-11,Email
700,470,7,2025-04-11,Organic Search
701,816,20,2025-04-11,Referral
702,77,13,2025-04-11,Referral
703,831,14,2025-04-11,Organic Search
704,673,14,2025-04-12,Affiliate
705,213,,2025-04-12,Meta Ads
706,260,,2025-04-12,Referral
707,853,8,2025-04-12,Meta Ads
708,211,7,2025-04-12,Google Ads
709,508,13,2025-04-12,Meta Ads
710,682,14,2025-04-12,Affiliate
711,40,7,2025-04-13,Affiliate
712,319,16,2025-04-13,Affiliate
713,768,21,2025-04-13,Referral
714,239,23,2025-04-13,Email
715,102,14,2025-04-13,Google Ads
716,136,,2025-04-14,Google Ads
717,28,21,2025-04-14,Meta Ads
718,759,11,2025-04-14,Referral
719,14,14,2025-04-14,Google Ads
720,734,,2025-04-14,Google Ads
721,644,,2025-04-14,Affiliate
722,801,,2025-04-14,Referral
723,156,25,2025-04-14,Affiliate
724,812,10,2025-04-14,Email
725,134,,2025-04-14,Google Ads
726,237,14,2025-04-15,Organic Search
727,555,,2025-04-15,Affiliate
728,21,,2025-04-15,Google Ads
729,811,13,2025-04-15,Referral
730,470,7,2025-04-15,Google Ads
731,542,20,2025-04-15,Referral
732,90,,2025-04-15,Referral
733,101,,2025-04-15,Referral
734,106,13,2025-04-16,Organic Search
735,495,,2025-04-16,Affiliate
736,536,,2025-04-16,Affiliate
737,318,,2025-04-16,Affiliate
738,788,,2025-04-16,Email
739,502,,2025-04-17,Meta Ads
740,676,13,2025-04-17,Google Ads
741,164,14,2025-04-17,Affiliate
742,237,14,2025-04-17,Affiliate
743,98,18,2025-04-17,Referral
744,798,16,2025-04-17,Meta Ads
745,771,14,2025-04-17,Affiliate
746,516,7,2025-04-17,Google Ads
747,581,,2025-04-17,Meta Ads
748,198,,2025-04-18,Email
749,792,,2025-04-18,Meta Ads
750,586,,2025-04-18,Referral
751,818,15,2025-04-19,Email
752,691,13,2025-04-19,Meta Ads
753,683,23,2025-04-19,Google Ads
754,734,,2025-04-19,Affiliate
755,99,20,2025-04-19,Affiliate
756,739,,2025-04-19,Email
757,676,13,2025-04-19,Meta Ads
758,379,,2025-04-20,Meta Ads
759,246,14,2025-04-20,Meta Ads
760,41,6,2025-04-20,Email
761,587,10,2025-04-20,Affiliate
762,507,18,2025-04-20,Affiliate
763,469,,2025-04-20,Google Ads
764,683,23,2025-04-20,Organic Search
765,535,,2025-04-21,Affiliate
766,77,13,2025-04-21,Affiliate
767,708,24,2025-04-21,Meta Ads
768,699,,2025-04-21,Google Ads
769,462,,2025-04-21,Organic Search
770,448,,2025-04-21,Google Ads
771,190,,2025-04-21,Affiliate
772,628,,2025-04-21,Referral
773,601,14,2025-04-22,Organic Search
774,188,6,2025-04-22,Organic Search
775,68,18,2025-04-22,Email
776,833,14,2025-04-22,Meta Ads
777,156,23,2025-04-22,Meta Ads
778,49,,2025-04-22,Meta Ads
779,556,,2025-04-23,Affiliate
780,591,,2025-04-23,Affiliate
781,177,20,2025-04-23,Meta Ads
782,687,,2025-04-24,Referral
783,454,15,2025-04-24,Organic Search
784,271,,2025-04-24,Google Ads
785,314,24,2025-04-24,Referral
786,768,21,2025-04-24,Google Ads
787,420,24,2025-04-25,Affiliate
788,848,,2025-04-25,Email
789,412,19,2025-04-25,Affiliate
790,392,22,2025-04-25,Google Ads
791,177,20,2025-04-25,Meta Ads
792,782,16,2025-04-26,Email
793,74,23,2025-04-26,Email
794,845,25,2025-04-26,Organic Search
795,10,19,2025-04-26,Meta Ads
796,452,,2025-04-26,Referral
797,572,,2025-04-26,Organic Search
798,836,14,2025-04-26,Organic Search
799,773,,2025-04-26,Google Ads
800,783,12,2025-04-27,Organic Search
801,705,16,2025-04-27,Email
802,323,17,2025-04-27,Email
803,400,7,2025-04-27,Affiliate
804,497,,2025-04-27,Email
805,381,12,2025-04-27,Email
806,733,7,2025-04-27,Email
807,845,25,2025-04-27,Referral
808,600,,2025-04-27,Affiliate
809,529,10,2025-04-27,Referral
810,571,8,2025-04-27,Affiliate
811,458,18,2025-04-27,Google Ads
812,588,12,2025-04-28,Email
813,356,6,2025-04-28,Meta Ads
814,504,25,2025-04-28,Google Ads
815,284,7,2025-04-28,Organic Search
816,782,16,2025-04-28,Email
817,258,20,2025-04-28,Email
818,814,,2025-04-29,Organic Search
819,142,10,2025-04-29,Meta Ads
820,462,,2025-04-29,Meta Ads
821,204,19,2025-04-29,Referral
822,829,,2025-04-30,Organic Search
823,402,7,2025-04-30,Referral
824,36,,2025-04-30,Google Ads
825,846,,2025-04-30,Referral
826,51,13,2025-04-30,Referral
827,558,24,2025-04-30,Google Ads
828,366,16,2025-04-30,Email
829,456,23,2025-04-30,Referral
830,128,,2025-04-30,Meta Ads
831,540,,2025-04-30,Referral
832,618,13,2025-04-30,Email
833,838,20,2025-04-30,Organic Search
834,149,21,2025-05-01,Email
835,396,,2025-05-01,Affiliate
836,508,13,2025-05-01,Email
837,422,16,2025-05-01,Meta Ads
838,799,13,2025-05-01,Affiliate
839,765,14,2025-05-01,Google Ads
840,534,,2025-05-01,Meta Ads
841,508,13,2025-05-01,Google Ads
842,643,10,2025-05-01,Organic Search
843,15,,2025-05-01,Email
844,76,25,2025-05-02,Google Ads
845,837,14,2025-05-02,Meta Ads
846,306,,2025-05-02,Meta Ads
847,225,14,2025-05-02,Referral
848,569,20,2025-05-02,Organic Search
849,658,20,2025-05-02,Affiliate
850,397,,2025-05-02,Email
851,431,14,2025-05-03,Google Ads
852,470,7,2025-05-03,Email
853,519,22,2025-05-03,Meta Ads
854,799,,2025-05-03,Email
855,487,,2025-05-03,Email
856,410,,2025-05-03,Referral
857,752,,2025-05-03,Affiliate
858,525,16,2025-05-03,Organic Search
859,638,7,2025-05-04,Affiliate
860,217,14,2025-05-04,Meta Ads
861,277,7,2025-05-04,Referral
862,297,7,2025-05-05,Referral
863,264,,2025-05-05,Referral
864,265,,2025-05-05,Referral
865,408,22,2025-05-05,Google Ads
866,854,16,2025-05-05,Email
867,273,16,2025-05-05,Organic Search
868,513,,2025-05-05,Affiliate
869,353,,2025-05-06,Referral
870,753,16,2025-05-06,Organic Search
871,74,,2025-05-06,Referral
872,253,20,2025-05-06,Referral
873,698,14,2025-05-06,Google Ads
874,506,7,2025-05-06,Organic Search
875,614,9,2025-05-06,Referral
876,50,20,2025-05-06,Referral
877,67,,2025-05-06,Affiliate
878,803,,2025-05-06,Organic Search
879,269,9,2025-05-07,Affiliate
880,240,23,2025-05-07,Email
881,205,,2025-05-07,Google Ads
882,570,,2025-05-07,Google Ads
883,596,23,2025-05-07,Organic Search
884,612,,2025-05-07,Organic Search
885,366,16,2025-05-07,Meta Ads
886,761,,2025-05-07,Google Ads
887,382,17,2025-05-08,Meta Ads
888,705,16,2025-05-08,Organic Search
889,202,8,2025-05-08,Google Ads
890,404,24,2025-05-08,Email
891,757,20,2025-05-08,Referral
892,228,25,2025-05-08,Google Ads
893,25,7,2025-05-08,Google Ads
894,455,6,2025-05-08,Affiliate
895,361,,2025-05-09,Referral
896,278,,2025-05-09,Meta Ads
897,828,20,2025-05-09,Organic Search
898,169,,2025-05-09,Affiliate
899,210,,2025-05-09,Meta Ads
900,689,25,2025-05-09,Affiliate
901,541,16,2025-05-09,Email
902,573,,2025-05-09,Email
903,687,14,2025-05-10,Email
904,733,7,2025-05-10,Meta Ads
905,625,,2025-05-10,Organic Search
906,246,14,2025-05-11,Organic Search
907,381,11,2025-05-11,Google Ads
908,422,16,2025-05-11,Email
909,765,14,2025-05-11,Email
910,591,,2025-05-11,Affiliate
911,60,,2025-05-11,Meta Ads
912,217,,2025-05-11,Google Ads
913,746,16,2025-05-11,Google Ads
914,348,7,2025-05-11,Organic Search
915,670,,2025-05-11,Affiliate
916,144,7,2025-05-11,Google Ads
917,52,22,2025-05-12,Organic Search
918,261,10,2025-05-12,Meta Ads
919,314,24,2025-05-12,Affiliate
920,437,,2025-05-12,Organic Search
921,763,10,2025-05-12,Organic Search
922,324,,2025-05-12,Affiliate
923,236,,2025-05-12,Referral
924,299,14,2025-05-12,Organic Search
925,179,,2025-05-13,Organic Search
926,510,12,2025-05-13,Email
927,344,20,2025-05-13,Affiliate
928,467,,2025-05-13,Meta Ads
929,116,9,2025-05-13,Email
930,408,22,2025-05-13,Organic Search
931,223,,2025-05-14,Email
932,177,20,2025-05-14,Affiliate
933,441,16,2025-05-14,Google Ads
934,727,14,2025-05-14,Organic Search
935,827,,2025-05-14,Google Ads
936,692,,2025-05-15,Affiliate
937,753,16,2025-05-15,Google Ads
938,85,16,2025-05-15,Affiliate
939,779,,2025-05-15,Email
940,376,7,2025-05-15,Meta Ads
941,366,16,2025-05-15,Affiliate
942,119,16,2025-05-15,Google Ads
943,313,24,2025-05-15,Referral
944,175,20,2025-05-15,Email
945,585,14,2025-05-15,Email
946,842,20,2025-05-15,Email
947,799,13,2025-05-16,Email
948,250,20,2025-05-16,Meta Ads
949,25,7,2025-05-16,Email
950,342,17,2025-05-16,Google Ads
951,28,23,2025-05-16,Referral
952,743,7,2025-05-16,Meta Ads
953,316,16,2025-05-16,Affiliate
954,761,,2025-05-16,Organic Search
955,384,22,2025-05-16,Affiliate
956,33,,2025-05-16,Affiliate
957,123,,2025-05-16,Meta Ads
958,418,,2025-05-17,Referral
959,29,24,2025-05-17,Referral
960,713,22,2025-05-17,Affiliate
961,474,,2025-05-17,Google Ads
962,379,,2025-05-17,Meta Ads
963,163,24,2025-05-17,Email
964,721,8,2025-05-17,Affiliate
965,388,,2025-05-17,Google Ads
966,445,20,2025-05-17,Meta Ads
967,491,14,2025-05-18,Affiliate
968,784,,2025-05-18,Affiliate
969,489,,2025-05-18,Meta Ads
970,615,17,2025-05-18,Affiliate
971,316,16,2025-05-18,Affiliate
972,719,,2025-05-18,Email
973,595,6,2025-05-18,Google Ads
974,78,6,2025-05-18,Email
975,42,,2025-05-19,Meta Ads
976,119,16,2025-05-19,Meta Ads
977,606,,2025-05-19,Affiliate
978,764,13,2025-05-19,Organic Search
979,359,,2025-05-19,Affiliate
980,799,13,2025-05-20,Referral
981,714,,2025-05-20,Google Ads
982,572,,2025-05-20,Organic Search
983,395,20,2025-05-20,Affiliate
984,506,7,2025-05-20,Organic Search
985,38,,2025-05-20,Meta Ads
986,498,,2025-05-20,Meta Ads
987,523,16,2025-05-21,Email
988,309,22,2025-05-21,Meta Ads
989,841,13,2025-05-21,Referral
990,711,10,2025-05-21,Email
991,772,,2025-05-21,Referral
992,533,,2025-05-21,Affiliate
993,726,19,2025-05-21,Email
994,591,,2025-05-21,Referral
995,810,9,2025-05-21,Meta Ads
996,726,18,2025-05-21,Google Ads
997,804,14,2025-05-21,Organic Search
998,428,18,2025-05-22,Email
999,365,8,2025-05-22,Referral
1000,725,25,2025-05-22,Meta Ads
1001,486,16,2025-05-22,Google Ads
1002,474,,2025-05-22,Organic Search
1003,41,9,2025-05-22,Organic Search
1004,838,,2025-05-22,Organic Search
1005,599,,2025-05-22,Email
1006,624,,2025-05-23,Google Ads
1007,550,16,2025-05-23,Affiliate
1008,129,13,2025-05-23,Meta Ads
1009,81,17,2025-05-23,Email
1010,680,19,2025-05-23,Google Ads
1011,502,,2025-05-23,Referral
1012,5,24,2025-05-24,Referral
1013,442,,2025-05-24,Meta Ads
1014,351,,2025-05-24,Email
1015,135,15,2025-05-24,Affiliate
1016,836,14,2025-05-25,Email
1017,606,,2025-05-25,Affiliate
1018,609,8,2025-05-25,Referral
1019,223,,2025-05-25,Google Ads
1020,286,16,2025-05-25,Email
1021,358,8,2025-05-25,Meta Ads
1022,684,,2025-05-25,Affiliate
1023,617,20,2025-05-25,Google Ads
1024,392,24,2025-05-25,Affiliate
1025,169,,2025-05-25,Google Ads
1026,640,8,2025-05-25,Referral
1027,702,25,2025-05-26,Organic Search
1028,830,,2025-05-26,Referral
1029,168,23,2025-05-26,Meta Ads
1030,535,,2025-05-26,Meta Ads
1031,725,25,2025-05-26,Google Ads
1032,131,,2025-05-26,Google Ads
1033,37,13,2025-05-26,Referral
1034,377,,2025-05-26,Meta Ads
1035,181,24,2025-05-26,Meta Ads
1036,505,22,2025-05-26,Google Ads
1037,718,22,2025-05-27,Organic Search
1038,732,,2025-05-27,Organic Search
1039,265,20,2025-05-27,Email
1040,801,,2025-05-27,Organic Search
1041,654,13,2025-05-27,Referral
1042,859,8,2025-05-27,Organic Search
1043,184,16,2025-05-27,Affiliate
1044,508,13,2025-05-27,Google Ads
1045,819,16,2025-05-27,Organic Search
1046,583,,2025-05-27,Meta Ads
1047,153,,2025-05-27,Affiliate
1048,554,,2025-05-28,Meta Ads
1049,626,,2025-05-28,Affiliate
1050,546,17,2025-05-28,Meta Ads
1051,580,16,2025-05-28,Affiliate
1052,33,20,2025-05-28,Referral
1053,600,,2025-05-28,Affiliate
1054,541,16,2025-05-28,Organic Search
1055,689,21,2025-05-28,Google Ads
1056,582,13,2025-05-28,Affiliate
1057,448,16,2025-05-29,Email
1058,390,20,2025-05-29,Email
1059,290,13,2025-05-29,Organic Search
1060,807,22,2025-05-29,Organic Search
1061,672,,2025-05-29,Email
1062,122,7,2025-05-29,Google Ads
1063,602,24,2025-05-29,Google Ads
1064,55,,2025-05-30,Affiliate
1065,640,10,2025-05-30,Affiliate
1066,682,14,2025-05-30,Referral
1067,364,8,2025-05-31,Google Ads
1068,787,14,2025-05-31,Affiliate
1069,38,,2025-05-31,Affiliate
1070,637,,2025-05-31,Google Ads
1071,593,23,2025-05-31,Affiliate
1072,239,21,2025-05-31,Referral
1073,494,7,2025-05-31,Referral
1074,660,,2025-06-01,Google Ads
1075,462,,2025-06-01,Email
1076,805,7,2025-06-01,Organic Search
1077,208,25,2025-06-01,Email
1078,100,,2025-06-01,Affiliate
1079,206,,2025-06-01,Organic Search
1080,723,,2025-06-01,Email
1081,442,,2025-06-01,Google Ads
1082,825,22,2025-06-01,Google Ads
1083,788,,2025-06-01,Affiliate
1084,273,16,2025-06-02,Referral
1085,499,13,2025-06-02,Google Ads
1086,285,9,2025-06-02,Organic Search
1087,823,12,2025-06-02,Affiliate
1088,601,14,2025-06-02,Organic Search
1089,276,,2025-06-02,Affiliate
1090,282,,2025-06-02,Organic Search
1091,237,14,2025-06-03,Affiliate
1092,619,9,2025-06-03,Google Ads
1093,210,,2025-06-03,Referral
1094,443,,2025-06-04,Affiliate
1095,633,23,2025-06-04,Organic Search
1096,1,21,2025-06-04,Affiliate
1097,397,,2025-06-04,Organic Search
1098,274,,2025-06-04,Referral
1099,174,,2025-06-04,Meta Ads
1100,854,16,2025-06-04,Referral
1101,798,16,2025-06-05,Google Ads
1102,236,,2025-06-05,Organic Search
1103,211,7,2025-06-05,Affiliate
1104,716,13,2025-06-05,Email
1105,817,,2025-06-05,Google Ads
1106,646,10,2025-06-05,Meta Ads
1107,52,22,2025-06-05,Email
1108,698,14,2025-06-05,Meta Ads
1109,779,,2025-06-06,Referral
1110,215,20,2025-06-06,Affiliate
1111,778,17,2025-06-06,Email
1112,247,,2025-06-06,Email
1113,101,14,2025-06-06,Meta Ads
1114,486,16,2025-06-06,Email
1115,481,,2025-06-07,Meta Ads
1116,694,7,2025-06-07,Email
1117,521,7,2025-06-07,Email
1118,160,,2025-06-07,Affiliate
1119,587,10,2025-06-07,Affiliate
1120,779,,2025-06-07,Affiliate
1121,597,,2025-06-07,Referral
1122,432,8,2025-06-08,Affiliate
1123,61,,2025-06-08,Email
1124,117,24,2025-06-08,Email
1125,372,16,2025-06-08,Email
1126,25,7,2025-06-08,Meta Ads
1127,254,21,2025-06-09,Email
1128,160,,2025-06-09,Referral
1129,262,,2025-06-09,Meta Ads
1130,473,9,2025-06-09,Affiliate
1131,308,,2025-06-10,Affiliate
1132,455,6,2025-06-10,Google Ads
1133,731,,2025-06-10,Google Ads
1134,461,,2025-06-10,Email
1135,82,8,2025-06-10,Organic Search
1136,801,,2025-06-11,Affiliate
1137,507,,2025-06-11,Email
1138,79,14,2025-06-11,Google Ads
1139,727,14,2025-06-12,Affiliate
1140,78,9,2025-06-12,Referral
1141,469,,2025-06-12,Affiliate
1142,642,16,2025-06-12,Google Ads
1143,793,15,2025-06-12,Google Ads
1144,413,,2025-06-13,Google Ads
1145,55,,2025-06-13,Referral
1146,277,,2025-06-13,Organic Search
1147,395,20,2025-06-13,Affiliate
1148,832,9,2025-06-13,Meta Ads
1149,38,,2025-06-13,Affiliate
1150,7,,2025-06-13,Google Ads
1151,328,12,2025-06-14,Organic Search
1152,214,22,2025-06-14,Email
1153,483,11,2025-06-14,Affiliate
1154,96,13,2025-06-14,Organic Search
1155,705,16,2025-06-14,Affiliate
1156,423,,2025-06-14,Google Ads
1157,585,14,2025-06-15,Affiliate
1158,618,,2025-06-15,Meta Ads
1159,390,20,2025-06-15,Meta Ads
1160,40,7,2025-06-15,Organic Search
1161,419,,2025-06-16,Meta Ads
1162,41,,2025-06-16,Google Ads
1163,600,,2025-06-16,Affiliate
1164,341,10,2025-06-16,Email
1165,647,13,2025-06-17,Organic Search
1166,619,9,2025-06-17,Email
1167,509,,2025-06-17,Affiliate
1168,3,,2025-06-17,Affiliate
1169,54,,2025-06-17,Email
1170,354,8,2025-06-17,Referral
1171,843,20,2025-06-18,Email
1172,684,,2025-06-18,Organic Search
1173,87,15,2025-06-18,Email
1174,173,6,2025-06-18,Google Ads
1175,514,25,2025-06-18,Google Ads
1176,363,,2025-06-18,Affiliate
1177,754,24,2025-06-18,Google Ads
1178,192,10,2025-06-18,Email
1179,40,7,2025-06-18,Referral
1180,86,21,2025-06-19,Organic Search
1181,701,,2025-06-19,Affiliate
1182,677,6,2025-06-19,Google Ads
1183,57,,2025-06-19,Organic Search
1184,53,,2025-06-19,Referral
1185,449,,2025-06-19,Meta Ads
1186,847,,2025-06-19,Affiliate
1187,831,14,2025-06-19,Referral
1188,661,9,2025-06-20,Email
1189,664,6,2025-06-20,Affiliate
1190,736,13,2025-06-20,Referral
1191,722,8,2025-06-20,Google Ads
1192,367,10,2025-06-21,Google Ads
1193,630,14,2025-06-21,Email
1194,404,22,2025-06-21,Meta Ads
1195,360,17,2025-06-21,Referral
1196,373,13,2025-06-21,Affiliate
1197,89,,2025-06-21,Meta Ads
1198,18,19,2025-06-21,Referral
1199,49,,2025-06-21,Affiliate
1200,776,7,2025-06-21,Affiliate
1201,795,22,2025-06-21,Organic Search
1202,688,18,2025-06-21,Google Ads
1203,191,,2025-06-22,Organic Search
1204,65,10,2025-06-22,Organic Search
1205,67,,2025-06-22,Referral
1206,235,,2025-06-22,Meta Ads
1207,535,,2025-06-22,Referral
1208,423,,2025-06-22,Organic Search
1209,414,,2025-06-22,Organic Search
1210,356,,2025-06-22,Referral
1211,57,,2025-06-22,Referral
1212,230,16,2025-06-23,Organic Search
1213,147,16,2025-06-23,Google Ads
1214,845,21,2025-06-23,Email
1215,400,7,2025-06-23,Affiliate
1216,756,25,2025-06-23,Google Ads
1217,542,20,2025-06-23,Referral
1218,208,23,2025-06-23,Affiliate
1219,834,11,2025-06-24,Affiliate
1220,92,6,2025-06-24,Google Ads
1221,720,,2025-06-24,Affiliate
1222,340,13,2025-06-24,Email
1223,755,,2025-06-24,Referral
1224,507,18,2025-06-24,Google Ads
1225,645,17,2025-06-24,Meta Ads
1226,370,19,2025-06-24,Google Ads
1227,746,16,2025-06-24,Email
1228,861,13,2025-06-24,Affiliate
1229,142,10,2025-06-25,Organic Search
1230,161,25,2025-06-25,Affiliate
1231,102,14,2025-06-25,Email
1232,434,13,2025-06-25,Email
1233,233,16,2025-06-25,Organic Search
1234,678,10,2025-06-25,Referral
1235,653,8,2025-06-25,Affiliate
1236,59,,2025-06-25,Affiliate
1237,276,,2025-06-25,Meta Ads
1238,34,,2025-06-25,Google Ads
1239,603,14,2025-06-26,Email
1240,688,,2025-06-26,Google Ads
1241,33,,2025-06-26,Google Ads
1242,695,16,2025-06-26,Referral
1243,401,23,2025-06-26,Organic Search
1244,471,8,2025-06-26,Affiliate
1245,661,,2025-06-26,Google Ads
1246,498,14,2025-06-26,Google Ads
1247,333,24,2025-06-27,Email
1248,770,10,2025-06-27,Organic Search
1249,557,14,2025-06-27,Google Ads
1250,519,24,2025-06-27,Meta Ads
1251,857,,2025-06-27,Meta Ads
1252,382,,2025-06-28,Email
1253,513,,2025-06-28,Meta Ads
1254,722,8,2025-06-28,Google Ads
1255,379,,2025-06-28,Meta Ads
1256,388,7,2025-06-28,Organic Search
1257,219,10,2025-06-28,Organic Search
1258,331,22,2025-06-28,Referral
1259,836,14,2025-06-28,Google Ads
1260,109,22,2025-06-29,Referral
1261,379,,2025-06-29,Referral
1262,456,21,2025-06-29,Organic Search
1263,610,10,2025-06-29,Affiliate
1264,859,8,2025-06-29,Organic Search
1265,452,,2025-06-29,Referral
1266,819,16,2025-06-30,Meta Ads
1267,333,22,2025-06-30,Email
1268,17,12,2025-06-30,Referral
1269,280,14,2025-06-30,Meta Ads
1270,584,23,2025-06-30,Organic Search
1271,162,,2025-06-30,Affiliate
1272,831,,2025-06-30,Google Ads
1273,756,23,2025-07-01,Google Ads
1274,245,24,2025-07-01,Google Ads
1275,287,,2025-07-01,Affiliate
1276,384,22,2025-07-01,Affiliate
1277,535,,2025-07-01,Google Ads
1278,444,,2025-07-01,Referral
1279,359,,2025-07-01,Affiliate
1280,398,,2025-07-01,Referral
1281,693,7,2025-07-01,Referral
1282,490,16,2025-07-02,Email
1283,637,,2025-07-02,Organic Search
1284,735,7,2025-07-02,Google Ads
1285,145,7,2025-07-02,Email
1286,633,25,2025-07-02,Email
1287,393,,2025-07-03,Affiliate
1288,846,,2025-07-03,Meta Ads
1289,690,7,2025-07-03,Affiliate
1290,117,22,2025-07-03,Referral
1291,123,,2025-07-03,Affiliate
1292,166,,2025-07-03,Organic Search
1293,554,,2025-07-03,Meta Ads
1294,114,,2025-07-04,Google Ads
1295,832,6,2025-07-04,Referral
1296,582,13,2025-07-04,Referral
1297,551,,2025-07-04,Affiliate
1298,417,20,2025-07-04,Referral
1299,595,6,2025-07-04,Referral
1300,573,7,2025-07-04,Meta Ads
1301,249,,2025-07-04,Meta Ads
1302,666,10,2025-07-04,Organic Search
1303,816,20,2025-07-04,Meta Ads
1304,571,10,2025-07-04,Google Ads
1305,187,13,2025-07-04,Organic Search
1306,810,6,2025-07-05,Google Ads
1307,410,,2025-07-05,Referral
1308,713,24,2025-07-05,Email
1309,136,,2025-07-05,Referral
1310,432,,2025-07-05,Meta Ads
1311,349,7,2025-07-05,Referral
1312,703,7,2025-07-05,Email
1313,830,,2025-07-05,Organic Search
1314,501,12,2025-07-05,Affiliate
1315,764,13,2025-07-06,Affiliate
1316,384,,2025-07-06,Google Ads
1317,397,,2025-07-06,Meta Ads
1318,846,,2025-07-06,Affiliate
1319,375,8,2025-07-06,Google Ads
1320,272,,2025-07-06,Affiliate
1321,509,,2025-07-06,Google Ads
1322,434,,2025-07-06,Email
1323,742,,2025-07-06,Email
1324,444,,2025-07-06,Google Ads
1325,483,15,2025-07-06,Referral
1326,217,,2025-07-06,Google Ads
1327,45,22,2025-07-06,Organic Search
1328,400,7,2025-07-06,Organic Search
1329,784,,2025-07-07,Organic Search
1330,675,21,2025-07-07,Referral
1331,457,14,2025-07-07,Google Ads
1332,44,16,2025-07-07,Referral
1333,858,,2025-07-08,Referral
1334,138,,2025-07-08,Referral
1335,692,16,2025-07-08,Referral
1336,784,16,2025-07-08,Meta Ads
1337,579,17,2025-07-08,Referral
1338,524,14,2025-07-08,Organic Search
1339,376,7,2025-07-08,Google Ads
1340,207,9,2025-07-08,Meta Ads
1341,388,7,2025-07-08,Organic Search
1342,346,7,2025-07-08,Affiliate
1343,303,,2025-07-08,Meta Ads
1344,384,24,2025-07-09,Email
1345,481,20,2025-07-09,Google Ads
1346,675,,2025-07-09,Google Ads
1347,211,7,2025-07-09,Meta Ads
1348,811,,2025-07-09,Meta Ads
1349,494,7,2025-07-09,Email
1350,140,14,2025-07-09,Referral
1351,110,16,2025-07-09,Referral
1352,633,,2025-07-09,Affiliate
1353,166,6,2025-07-10,Meta Ads
1354,232,,2025-07-10,Google Ads
1355,694,7,2025-07-10,Organic Search
1356,391,,2025-07-10,Affiliate
1357,522,,2025-07-10,Organic Search
1358,416,,2025-07-10,Referral
1359,289,17,2025-07-10,Organic Search
1360,202,10,2025-07-10,Affiliate
1361,799,13,2025-07-10,Referral
1362,371,22,2025-07-11,Email
1363,161,21,2025-07-11,Organic Search
1364,276,,2025-07-11,Email
1365,779,,2025-07-11,Email
1366,156,25,2025-07-11,Affiliate
1367,274,,2025-07-11,Google Ads
1368,854,,2025-07-11,Affiliate
1369,843,20,2025-07-11,Email
1370,352,18,2025-07-11,Email
1371,233,16,2025-07-11,Meta Ads
1372,213,,2025-07-12,Referral
1373,250,20,2025-07-12,Email
1374,3,,2025-07-12,Email
1375,798,16,2025-07-12,Meta Ads
1376,575,9,2025-07-12,Email
1377,554,,2025-07-13,Meta Ads
1378,724,,2025-07-13,Google Ads
1379,441,16,2025-07-13,Affiliate
1380,657,,2025-07-13,Affiliate
1381,503,,2025-07-13,Meta Ads
1382,515,10,2025-07-13,Email
1383,363,19,2025-07-13,Email
1384,816,20,2025-07-13,Organic Search
1385,829,,2025-07-13,Email
1386,547,,2025-07-13,Email
1387,671,6,2025-07-13,Referral
1388,412,18,2025-07-14,Google Ads
1389,18,17,2025-07-14,Google Ads
1390,311,,2025-07-14,Email
1391,619,6,2025-07-14,Email
1392,305,,2025-07-14,Organic Search
1393,457,14,2025-07-15,Affiliate
1394,608,,2025-07-15,Referral
1395,593,25,2025-07-15,Organic Search
1396,602,22,2025-07-15,Meta Ads
1397,287,,2025-07-15,Referral
1398,216,,2025-07-15,Organic Search
1399,400,7,2025-07-15,Affiliate
1400,343,,2025-07-16,Meta Ads
1401,303,7,2025-07-16,Email
1402,614,6,2025-07-16,Email
1403,8,25,2025-07-16,Organic Search
1404,224,,2025-07-16,Referral
1405,286,16,2025-07-16,Google Ads
1406,453,10,2025-07-16,Google Ads
1407,756,25,2025-07-17,Email
1408,39,13,2025-07-17,Email
1409,772,,2025-07-17,Referral
1410,159,,2025-07-17,Meta Ads
1411,562,6,2025-07-17,Affiliate
1412,782,16,2025-07-18,Google Ads
1413,46,,2025-07-18,Organic Search
1414,390,20,2025-07-18,Email
1415,624,,2025-07-18,Email
1416,208,25,2025-07-18,Referral
1417,657,,2025-07-18,Affiliate
1418,575,9,2025-07-19,Organic Search
1419,455,9,2025-07-19,Affiliate
1420,294,12,2025-07-19,Affiliate
1421,238,20,2025-07-19,Referral
1422,752,,2025-07-19,Google Ads
1423,470,7,2025-07-20,Google Ads
1424,573,7,2025-07-20,Google Ads
1425,283,12,2025-07-20,Referral
1426,776,7,2025-07-20,Email
1427,393,,2025-07-20,Meta Ads
1428,796,,2025-07-20,Email
1429,199,18,2025-07-20,Organic Search
1430,548,,2025-07-20,Referral
1431,716,13,2025-07-20,Affiliate
1432,214,,2025-07-21,Meta Ads
1433,639,18,2025-07-21,Meta Ads
1434,468,,2025-07-21,Google Ads
1435,533,,2025-07-21,Referral
1436,762,12,2025-07-21,Organic Search
1437,191,9,2025-07-21,Organic Search
1438,176,20,2025-07-21,Affiliate
1439,851,24,2025-07-21,Organic Search
1440,553,,2025-07-21,Affiliate
1441,112,,2025-07-21,Meta Ads
1442,523,16,2025-07-21,Meta Ads
1443,158,,2025-07-21,Email
1444,747,16,2025-07-21,Organic Search
1445,467,,2025-07-22,Google Ads
1446,326,16,2025-07-22,Affiliate
1447,52,22,2025-07-22,Affiliate
1448,166,9,2025-07-22,Referral
1449,311,,2025-07-22,Meta Ads
1450,281,7,2025-07-22,Google Ads
1451,180,14,2025-07-22,Organic Search
1452,785,,2025-07-22,Google Ads
1453,834,11,2025-07-22,Meta Ads
1454,521,7,2025-07-22,Meta Ads
1455,128,,2025-07-22,Email
1456,668,,2025-07-23,Organic Search
1457,69,14,2025-07-23,Affiliate
1458,715,14,2025-07-23,Referral
1459,44,16,2025-07-23,Organic Search
1460,227,14,2025-07-23,Google Ads
1461,617,,2025-07-23,Google Ads
1462,710,25,2025-07-23,Organic Search
1463,308,,2025-07-23,Google Ads
1464,149,23,2025-07-23,Email
1465,220,14,2025-07-24,Organic Search
1466,591,,2025-07-24,Email
1467,97,,2025-07-24,Meta Ads
1468,81,18,2025-07-24,Google Ads
1469,399,18,2025-07-24,Affiliate
1470,786,,2025-07-25,Email
1471,97,,2025-07-25,Referral
1472,1,25,2025-07-25,Google Ads
1473,595,6,2025-07-25,Email
1474,35,,2025-07-25,Email
1475,735,7,2025-07-25,Referral
1476,839,,2025-07-26,Affiliate
1477,70,6,2025-07-26,Meta Ads
1478,657,,2025-07-26,Google Ads
1479,772,,2025-07-26,Google Ads
1480,84,19,2025-07-26,Email
1481,342,18,2025-07-26,Organic Search
1482,37,13,2025-07-26,Meta Ads
1483,26,,2025-07-27,Email
1484,188,,2025-07-27,Meta Ads
1485,696,20,2025-07-27,Meta Ads
1486,24,6,2025-07-27,Organic Search
1487,809,13,2025-07-27,Email
1488,486,16,2025-07-27,Affiliate
1489,620,7,2025-07-28,Meta Ads
1490,380,,2025-07-28,Meta Ads
1491,470,7,2025-07-28,Organic Search
1492,479,,2025-07-28,Referral
1493,603,,2025-07-28,Meta Ads
1494,382,19,2025-07-28,Referral
1495,588,15,2025-07-28,Google Ads
1496,792,,2025-07-28,Referral
1497,621,13,2025-07-28,Referral
1498,442,,2025-07-29,Google Ads
1499,69,14,2025-07-29,Organic Search
1500,386,16,2025-07-29,Email
1501,635,10,2025-07-29,Referral
1502,604,,2025-07-29,Referral
1503,41,9,2025-07-30,Meta Ads
1504,298,8,2025-07-30,Google Ads
1505,711,10,2025-07-30,Organic Search
1506,402,,2025-07-30,Meta Ads
1507,710,21,2025-07-31,Email
1508,208,21,2025-07-31,Organic Search
1509,322,15,2025-08-01,Google Ads
1510,404,24,2025-08-01,Meta Ads
1511,209,20,2025-08-01,Google Ads
1512,542,20,2025-08-01,Organic Search
1513,168,23,2025-08-01,Meta Ads
1514,124,,2025-08-01,Organic Search
1515,769,,2025-08-01,Referral
1516,849,18,2025-08-02,Meta Ads
1517,355,14,2025-08-02,Email
1518,119,16,2025-08-02,Organic Search
1519,225,14,2025-08-02,Email
1520,569,20,2025-08-02,Email
1521,806,7,2025-08-02,Google Ads
1522,859,10,2025-08-02,Google Ads
1523,558,24,2025-08-02,Organic Search
1524,576,10,2025-08-02,Google Ads
1525,235,,2025-08-02,Organic Search
1526,508,13,2025-08-02,Referral
1527,370,19,2025-08-02,Referral
1528,333,,2025-08-02,Meta Ads
1529,484,8,2025-08-03,Google Ads
1530,780,,2025-08-03,Email
1531,14,14,2025-08-03,Referral
1532,721,,2025-08-03,Organic Search
1533,507,17,2025-08-03,Google Ads
1534,240,23,2025-08-04,Meta Ads
1535,126,,2025-08-04,Affiliate
1536,476,,2025-08-04,Organic Search
1537,205,,2025-08-04,Email
1538,519,,2025-08-04,Referral
1539,248,14,2025-08-04,Google Ads
1540,389,,2025-08-04,Meta Ads
1541,848,,2025-08-04,Affiliate
1542,408,24,2025-08-04,Organic Search
1543,618,13,2025-08-04,Email
1544,470,7,2025-08-04,Affiliate
1545,725,25,2025-08-04,Google Ads
1546,562,9,2025-08-04,Meta Ads
1547,53,,2025-08-04,Meta Ads
1548,327,14,2025-08-05,Email
1549,655,,2025-08-05,Referral
1550,786,,2025-08-05,Email
1551,442,,2025-08-05,Organic Search
1552,533,,2025-08-05,Affiliate
1553,458,,2025-08-05,Referral
1554,117,24,2025-08-06,Meta Ads
1555,146,16,2025-08-06,Affiliate
1556,727,14,2025-08-06,Google Ads
1557,272,,2025-08-06,Referral
1558,704,20,2025-08-06,Email
1559,707,20,2025-08-06,Email
1560,290,,2025-08-06,Email
1561,411,,2025-08-06,Google Ads
1562,797,13,2025-08-06,Affiliate
1563,439,24,2025-08-06,Google Ads
1564,400,,2025-08-06,Organic Search
1565,10,18,2025-08-07,Email
1566,186,,2025-08-07,Email
1567,552,,2025-08-07,Referral
1568,788,,2025-08-07,Organic Search
1569,476,,2025-08-08,Organic Search
1570,249,,2025-08-08,Organic Search
1571,330,,2025-08-08,Google Ads
1572,612,13,2025-08-08,Google Ads
1573,246,,2025-08-08,Referral
1574,176,20,2025-08-08,Meta Ads
1575,164,14,2025-08-09,Email
1576,248,14,2025-08-09,Email
1577,769,22,2025-08-09,Meta Ads
1578,175,20,2025-08-09,Google Ads
1579,370,18,2025-08-09,Affiliate
1580,795,24,2025-08-09,Organic Search
1581,195,,2025-08-09,Google Ads
1582,666,10,2025-08-09,Email
1583,56,,2025-08-09,Email
1584,709,15,2025-08-09,Affiliate
1585,717,15,2025-08-09,Email
1586,669,,2025-08-09,Email
1587,726,18,2025-08-09,Referral
1588,116,,2025-08-10,Meta Ads
1589,522,,2025-08-10,Google Ads
1590,677,9,2025-08-10,Email
1591,435,11,2025-08-10,Referral
1592,481,20,2025-08-10,Organic Search
1593,8,23,2025-08-10,Email
1594,181,,2025-08-10,Google Ads
1595,801,,2025-08-11,Organic Search
1596,80,6,2025-08-11,Meta Ads
1597,522,,2025-08-11,Organic Search
1598,668,,2025-08-12,Email
1599,744,,2025-08-12,Referral
1600,219,8,2025-08-12,Affiliate
1601,579,18,2025-08-12,Organic Search
1602,472,7,2025-08-12,Affiliate
1603,481,,2025-08-12,Email
1604,408,24,2025-08-12,Email
1605,548,20,2025-08-12,Meta Ads
1606,402,7,2025-08-13,Organic Search
1607,336,14,2025-08-13,Organic Search
1608,861,,2025-08-13,Email
1609,279,7,2025-08-13,Google Ads
1610,497,,2025-08-13,Referral
1611,755,,2025-08-13,Affiliate
1612,565,,2025-08-13,Email
1613,547,,2025-08-14,Meta Ads
1614,185,19,2025-08-14,Organic Search
1615,827,,2025-08-14,Google Ads
1616,247,,2025-08-14,Meta Ads
1617,471,,2025-08-14,Meta Ads
1618,310,25,2025-08-14,Email
1619,156,23,2025-08-14,Email
1620,750,10,2025-08-14,Email
1621,44,16,2025-08-15,Affiliate
1622,435,,2025-08-15,Meta Ads
1623,651,15,2025-08-15,Referral
1624,492,,2025-08-15,Referral
1625,808,12,2025-08-15,Organic Search
1626,17,15,2025-08-16,Referral
1627,268,7,2025-08-16,Google Ads
1628,712,8,2025-08-16,Meta Ads
1629,672,,2025-08-17,Google Ads
1630,704,20,2025-08-17,Affiliate
1631,170,15,2025-08-17,Organic Search
1632,534,7,2025-08-17,Organic Search
1633,625,23,2025-08-17,Affiliate
1634,518,23,2025-08-17,Google Ads
1635,254,21,2025-08-17,Google Ads
1636,495,,2025-08-17,Organic Search
1637,474,,2025-08-17,Organic Search
1638,154,13,2025-08-18,Organic Search
1639,96,13,2025-08-18,Affiliate
1640,561,,2025-08-18,Google Ads
1641,48,,2025-08-18,Organic Search
1642,823,15,2025-08-18,Email
1643,772,,2025-08-19,Organic Search
1644,424,16,2025-08-19,Organic Search
1645,568,,2025-08-19,Referral
1646,596,23,2025-08-19,Referral
1647,736,13,2025-08-19,Meta Ads
1648,101,14,2025-08-19,Affiliate
1649,456,25,2025-08-19,Email
1650,219,8,2025-08-20,Email
1651,413,,2025-08-21,Organic Search
1652,602,24,2025-08-21,Affiliate
1653,850,,2025-08-21,Affiliate
1654,782,16,2025-08-22,Meta Ads
1655,581,,2025-08-22,Email
1656,104,9,2025-08-22,Email
1657,370,18,2025-08-22,Google Ads
1658,516,,2025-08-22,Email
1659,154,13,2025-08-22,Email
1660,7,,2025-08-22,Google Ads
1661,585,14,2025-08-22,Referral
1662,132,15,2025-08-22,Google Ads
1663,434,13,2025-08-22,Email
1664,168,23,2025-08-23,Meta Ads
1665,649,22,2025-08-23,Organic Search
1666,355,14,2025-08-23,Referral
1667,700,8,2025-08-23,Affiliate
1668,810,,2025-08-23,Email
1669,17,15,2025-08-23,Google Ads
1670,221,8,2025-08-23,Meta Ads
1671,166,9,2025-08-23,Google Ads
1672,806,7,2025-08-23,Referral
1673,289,,2025-08-23,Email
1674,251,16,2025-08-23,Organic Search
1675,327,14,2025-08-23,Meta Ads
1676,569,20,2025-08-23,Affiliate
1677,128,,2025-08-23,Referral
1678,206,14,2025-08-24,Affiliate
1679,728,,2025-08-24,Referral
1680,687,14,2025-08-24,Email
1681,5,,2025-08-24,Email
1682,48,18,2025-08-24,Email
1683,670,,2025-08-24,Google Ads
1684,451,6,2025-08-24,Meta Ads
1685,56,,2025-08-24,Referral
1686,853,10,2025-08-24,Google Ads
1687,460,9,2025-08-25,Email
1688,11,7,2025-08-25,Organic Search
1689,342,18,2025-08-25,Referral
1690,134,,2025-08-25,Organic Search
1691,451,9,2025-08-25,Meta Ads
1692,367,8,2025-08-25,Google Ads
1693,693,7,2025-08-25,Meta Ads
1694,209,20,2025-08-25,Email
1695,530,20,2025-08-26,Referral
1696,487,13,2025-08-26,Affiliate
1697,810,9,2025-08-26,Referral
1698,502,,2025-08-26,Meta Ads
1699,82,10,2025-08-26,Organic Search
1700,383,6,2025-08-26,Google Ads
1701,169,,2025-08-26,Google Ads
1702,556,,2025-08-26,Meta Ads
1703,70,9,2025-08-27,Organic Search
1704,34,,2025-08-27,Affiliate
1705,840,19,2025-08-27,Meta Ads
1706,332,,2025-08-27,Organic Search
1707,215,20,2025-08-27,Organic Search
1708,706,20,2025-08-27,Email
1709,668,,2025-08-27,Email
1710,623,,2025-08-28,Referral
1711,475,13,2025-08-28,Organic Search
1712,247,,2025-08-28,Google Ads
1713,468,,2025-08-29,Affiliate
1714,33,20,2025-08-29,Organic Search
1715,594,16,2025-08-29,Meta Ads
1716,640,10,2025-08-29,Affiliate
1717,336,14,2025-08-29,Meta Ads
1718,424,16,2025-08-29,Organic Search
1719,817,,2025-08-30,Referral
1720,675,25,2025-08-30,Google Ads
1721,241,20,2025-08-30,Email
1722,345,22,2025-08-30,Email
1723,462,,2025-08-31,Affiliate
1724,246,,2025-08-31,Referral
1725,586,,2025-08-31,Affiliate
1726,562,6,2025-08-31,Google Ads
1727,531,,2025-08-31,Google Ads
1728,114,,2025-09-01,Referral
1729,60,,2025-09-01,Email
1730,375,10,2025-09-01,Meta Ads
1731,412,,2025-09-01,Meta Ads
1732,338,16,2025-09-01,Email
1733,561,,2025-09-01,Email
1734,444,,2025-09-02,Email
1735,446,,2025-09-02,Email
1736,149,21,2025-09-02,Google Ads
1737,508,13,2025-09-02,Organic Search
1738,488,20,2025-09-02,Meta Ads
1739,196,8,2025-09-02,Organic Search
1740,369,,2025-09-02,Google Ads
1741,421,6,2025-09-03,Organic Search
1742,72,20,2025-09-03,Organic Search
1743,216,,2025-09-03,Affiliate
1744,785,,2025-09-03,Email
1745,139,,2025-09-04,Email
1746,446,,2025-09-04,Referral
1747,270,,2025-09-04,Organic Search
1748,217,,2025-09-04,Google Ads
1749,26,,2025-09-04,Organic Search
1750,172,21,2025-09-04,Organic Search
1751,9,,2025-09-05,Email
1752,163,22,2025-09-05,Affiliate
1753,851,22,2025-09-05,Google Ads
1754,693,7,2025-09-05,Organic Search
1755,361,,2025-09-05,Google Ads
1756,353,13,2025-09-05,Organic Search
1757,588,,2025-09-05,Organic Search
1758,650,,2025-09-05,Affiliate
1759,301,,2025-09-05,Google Ads
1760,12,,2025-09-05,Email
1761,115,22,2025-09-06,Email
1762,446,,2025-09-06,Organic Search
1763,152,21,2025-09-06,Organic Search
1764,259,,2025-09-06,Referral
1765,307,,2025-09-06,Meta Ads
1766,735,7,2025-09-07,Affiliate
1767,850,,2025-09-07,Referral
1768,571,,2025-09-07,Affiliate
1769,802,,2025-09-07,Meta Ads
1770,547,,2025-09-07,Referral
1771,792,,2025-09-07,Email
1772,764,13,2025-09-07,Organic Search
1773,355,14,2025-09-08,Email
1774,413,,2025-09-08,Referral
1775,176,20,2025-09-08,Referral
1776,835,7,2025-09-08,Organic Search
1777,319,,2025-09-08,Organic Search
1778,682,14,2025-09-08,Meta Ads
1779,852,9,2025-09-08,Organic Search
1780,502,,2025-09-08,Meta Ads
1781,362,20,2025-09-08,Meta Ads
1782,545,10,2025-09-08,Google Ads
1783,604,,2025-09-08,Referral
1784,705,16,2025-09-08,Organic Search
1785,236,21,2025-09-08,Referral
1786,39,13,2025-09-08,Referral
1787,204,19,2025-09-09,Google Ads
1788,536,,2025-09-09,Referral
1789,728,,2025-09-09,Meta Ads
1790,248,14,2025-09-09,Google Ads
1791,271,,2025-09-09,Organic Search
1792,180,14,2025-09-09,Referral
1793,240,25,2025-09-09,Meta Ads
1794,862,25,2025-09-10,Google Ads
1795,388,,2025-09-10,Affiliate
1796,509,,2025-09-10,Organic Search
1797,709,12,2025-09-10,Affiliate
1798,575,9,2025-09-10,Affiliate
1799,516,7,2025-09-10,Referral
1800,6,,2025-09-10,Affiliate
1801,200,,2025-09-11,Meta Ads
1802,494,,2025-09-11,Meta Ads
1803,592,24,2025-09-11,Affiliate
1804,730,,2025-09-11,Referral
1805,339,18,2025-09-11,Google Ads
1806,190,,2025-09-11,Meta Ads
1807,576,10,2025-09-11,Meta Ads
1808,451,6,2025-09-11,Affiliate
1809,229,6,2025-09-11,Meta Ads
1810,106,13,2025-09-11,Email
1811,440,,2025-09-11,Meta Ads
1812,225,14,2025-09-11,Meta Ads
1813,653,10,2025-09-12,Meta Ads
1814,369,8,2025-09-12,Email
1815,342,,2025-09-12,Meta Ads
1816,682,14,2025-09-12,Referral
1817,53,,2025-09-12,Meta Ads
1818,260,,2025-09-13,Organic Search
1819,294,,2025-09-13,Meta Ads
1820,583,,2025-09-13,Meta Ads
1821,497,,2025-09-13,Referral
1822,862,23,2025-09-13,Meta Ads
1823,576,10,2025-09-13,Email
1824,240,,2025-09-14,Google Ads
1825,359,,2025-09-14,Email
1826,698,14,2025-09-14,Email
1827,733,,2025-09-14,Referral
1828,595,6,2025-09-14,Organic Search
1829,669,,2025-09-14,Affiliate
1830,33,20,2025-09-14,Email
1831,288,15,2025-09-14,Email
1832,711,8,2025-09-15,Meta Ads
1833,605,,2025-09-15,Email
1834,427,10,2025-09-15,Meta Ads
1835,142,8,2025-09-15,Affiliate
1836,453,8,2025-09-16,Email
1837,177,20,2025-09-16,Referral
1838,739,16,2025-09-16,Affiliate
1839,535,,2025-09-16,Email
1840,237,14,2025-09-16,Organic Search
1841,331,24,2025-09-16,Organic Search
1842,573,7,2025-09-16,Referral
1843,411,,2025-09-17,Affiliate
1844,13,16,2025-09-17,Referral
1845,856,9,2025-09-17,Affiliate
1846,645,18,2025-09-17,Google Ads
1847,638,7,2025-09-18,Referral
1848,507,,2025-09-18,Organic Search
1849,249,,2025-09-18,Referral
1850,731,,2025-09-18,Organic Search
1851,711,10,2025-09-18,Meta Ads
1852,831,14,2025-09-18,Affiliate
1853,422,16,2025-09-18,Organic Search
1854,61,,2025-09-18,Google Ads
1855,683,,2025-09-18,Referral
1856,673,14,2025-09-18,Referral
1857,8,21,2025-09-18,Organic Search
1858,72,,2025-09-19,Email
1859,388,,2025-09-19,Meta Ads
1860,84,,2025-09-19,Google Ads
1861,211,,2025-09-19,Email
1862,780,19,2025-09-19,Meta Ads
1863,845,,2025-09-19,Referral
1864,705,,2025-09-19,Organic Search
1865,102,,2025-09-19,Email
1866,782,16,2025-09-20,Referral
1867,709,15,2025-09-20,Google Ads
1868,249,,2025-09-20,Google Ads
1869,138,20,2025-09-20,Email
1870,575,,2025-09-20,Referral
1871,551,,2025-09-20,Email
1872,392,22,2025-09-20,Google Ads
1873,345,22,2025-09-20,Affiliate
1874,659,16,2025-09-20,Referral
1875,644,,2025-09-20,Affiliate
1876,134,,2025-09-21,Affiliate
1877,588,12,2025-09-21,Meta Ads
1878,195,,2025-09-22,Referral
1879,307,,2025-09-22,Meta Ads
1880,49,,2025-09-22,Affiliate
1881,643,8,2025-09-22,Email
1882,572,,2025-09-22,Meta Ads
1883,89,,2025-09-22,Google Ads
1884,820,7,2025-09-22,Email
1885,600,,2025-09-23,Affiliate
1886,458,18,2025-09-23,Referral
1887,78,9,2025-09-23,Email
1888,244,6,2025-09-23,Referral
1889,796,15,2025-09-24,Organic Search
1890,715,14,2025-09-24,Organic Search
1891,509,,2025-09-24,Email
1892,604,,2025-09-24,Organic Search
1893,617,20,2025-09-24,Google Ads
1894,500,,2025-09-24,Referral
1895,533,,2025-09-24,Referral
1896,821,7,2025-09-24,Organic Search
1897,499,13,2025-09-24,Referral
1898,830,,2025-09-24,Meta Ads
1899,432,10,2025-09-24,Referral
1900,380,7,2025-09-24,Meta Ads
1901,810,6,2025-09-25,Referral
1902,261,8,2025-09-25,Organic Search
1903,520,21,2025-09-25,Referral
1904,760,,2025-09-25,Google Ads
1905,502,,2025-09-25,Meta Ads
1906,42,,2025-09-26,Meta Ads
1907,334,,2025-09-26,Referral
1908,617,20,2025-09-26,Organic Search
1909,26,,2025-09-26,Organic Search
1910,365,,2025-09-26,Google Ads
1911,541,16,2025-09-26,Referral
1912,597,,2025-09-26,Email
1913,551,19,2025-09-27,Affiliate
1914,33,,2025-09-27,Email
1915,502,,2025-09-27,Email
1916,775,,2025-09-27,Organic Search
1917,128,,2025-09-27,Affiliate
1918,39,13,2025-09-27,Affiliate
1919,126,,2025-09-27,Affiliate
1920,79,14,2025-09-27,Google Ads
1921,437,,2025-09-27,Meta Ads
1922,348,7,2025-09-28,Organic Search
1923,93,,2025-09-28,Email
1924,428,,2025-09-28,Meta Ads
1925,463,,2025-09-28,Email
1926,164,14,2025-09-29,Organic Search
1927,389,16,2025-09-29,Organic Search
1928,471,8,2025-09-29,Referral
1929,351,,2025-09-29,Organic Search
1930,421,6,2025-09-29,Organic Search
1931,620,7,2025-09-29,Email
1932,400,7,2025-09-29,Referral
1933,586,,2025-09-29,Referral
1934,105,14,2025-09-29,Affiliate
1935,120,,2025-09-29,Google Ads
1936,688,18,2025-09-29,Affiliate
1937,236,23,2025-09-30,Meta Ads
1938,200,,2025-09-30,Google Ads
1939,729,7,2025-09-30,Affiliate
1940,459,,2025-09-30,Meta Ads
1941,60,,2025-09-30,Affiliate
1942,791,,2025-10-01,Meta Ads
1943,772,,2025-10-01,Referral
1944,394,7,2025-10-01,Referral
1945,822,,2025-10-01,Referral
1946,658,20,2025-10-01,Google Ads
1947,127,6,2025-10-01,Google Ads
1948,423,,2025-10-01,Referral
1949,701,,2025-10-01,Google Ads
1950,50,,2025-10-01,Organic Search
1951,286,16,2025-10-02,Affiliate
1952,722,,2025-10-02,Referral
1953,198,,2025-10-02,Email
1954,157,22,2025-10-02,Meta Ads
1955,289,18,2025-10-02,Email
1956,473,6,2025-10-02,Meta Ads
1957,464,16,2025-10-02,Email
1958,14,14,2025-10-02,Meta Ads
1959,232,,2025-10-02,Affiliate
1960,648,9,2025-10-02,Google Ads
1961,194,24,2025-10-03,Google Ads
1962,172,23,2025-10-03,Email
1963,855,21,2025-10-03,Email
1964,669,,2025-10-03,Meta Ads
1965,657,,2025-10-03,Google Ads
1966,271,16,2025-10-03,Referral
1967,717,11,2025-10-03,Referral
1968,688,,2025-10-03,Google Ads
1969,114,,2025-10-04,Organic Search
1970,211,7,2025-10-04,Organic Search
1971,221,10,2025-10-04,Organic Search
1972,440,,2025-10-04,Affiliate
1973,278,,2025-10-04,Referral
1974,15,,2025-10-04,Affiliate
1975,31,,2025-10-04,Referral
1976,566,14,2025-10-04,Google Ads
1977,731,,2025-10-05,Google Ads
1978,835,7,2025-10-05,Google Ads
1979,699,,2025-10-05,Google Ads
1980,231,,2025-10-05,Affiliate
1981,407,,2025-10-05,Referral
1982,710,23,2025-10-05,Referral
1983,278,,2025-10-05,Organic Search
1984,382,17,2025-10-05,Referral
1985,727,,2025-10-05,Referral
1986,452,,2025-10-05,Email
1987,450,16,2025-10-06,Referral
1988,848,,2025-10-06,Meta Ads
1989,112,,2025-10-06,Referral
1990,245,22,2025-10-06,Organic Search
1991,437,,2025-10-06,Email
1992,500,,2025-10-06,Meta Ads
1993,428,18,2025-10-06,Meta Ads
1994,602,24,2025-10-06,Affiliate
1995,31,21,2025-10-06,Organic Search
1996,50,20,2025-10-07,Affiliate
1997,757,20,2025-10-07,Referral
1998,800,16,2025-10-07,Affiliate
1999,605,,2025-10-07,Referral
2000,769,22,2025-10-07,Google Ads
2001,18,18,2025-10-07,Google Ads
2002,285,6,2025-10-07,Google Ads
2003,632,,2025-10-07,Organic Search
2004,678,,2025-10-07,Organic Search
2005,204,17,2025-10-07,Referral
2006,554,,2025-10-07,Email
2007,462,,2025-10-08,Referral
2008,508,13,2025-10-08,Email
2009,295,20,2025-10-08,Email
2010,534,7,2025-10-08,Affiliate
2011,273,16,2025-10-08,Referral
2012,264,,2025-10-08,Affiliate
2013,164,14,2025-10-08,Email
2014,658,20,2025-10-08,Meta Ads
2015,42,,2025-10-08,Meta Ads
2016,724,,2025-10-09,Organic Search
2017,439,24,2025-10-09,Meta Ads
2018,162,,2025-10-09,Google Ads
2019,224,,2025-10-09,Meta Ads
2020,210,,2025-10-09,Google Ads
2021,814,,2025-10-09,Affiliate
2022,590,15,2025-10-09,Affiliate
2023,231,,2025-10-09,Google Ads
2024,456,,2025-10-10,Google Ads
2025,680,18,2025-10-10,Referral
2026,598,16,2025-10-10,Email
2027,187,13,2025-10-10,Referral
2028,740,13,2025-10-10,Email
2029,761,,2025-10-11,Organic Search
2030,448,16,2025-10-11,Email
2031,685,,2025-10-11,Affiliate
2032,787,14,2025-10-11,Google Ads
2033,208,21,2025-10-11,Email
2034,643,8,2025-10-11,Email
2035,313,24,2025-10-12,Referral
2036,227,,2025-10-12,Organic Search
2037,506,7,2025-10-13,Meta Ads
2038,53,,2025-10-13,Google Ads
2039,452,,2025-10-13,Organic Search
2040,389,16,2025-10-13,Affiliate
2041,607,,2025-10-13,Referral
2042,667,23,2025-10-13,Google Ads
2043,306,,2025-10-13,Affiliate
2044,734,,2025-10-14,Referral
2045,828,20,2025-10-14,Email
2046,832,,2025-10-14,Affiliate
2047,751,,2025-10-14,Referral
2048,48,17,2025-10-14,Meta Ads
2049,679,12,2025-10-14,Google Ads
2050,616,14,2025-10-14,Organic Search
2051,569,20,2025-10-14,Affiliate
2052,579,19,2025-10-15,Email
2053,144,7,2025-10-15,Referral
2054,546,18,2025-10-15,Organic Search
2055,406,,2025-10-15,Meta Ads
2056,558,22,2025-10-15,Google Ads
2057,160,,2025-10-15,Email
2058,295,20,2025-10-15,Referral
2059,796,,2025-10-16,Email
2060,201,19,2025-10-16,Email
2061,610,,2025-10-16,Affiliate
2062,652,13,2025-10-16,Organic Search
2063,462,,2025-10-16,Referral
2064,507,17,2025-10-16,Google Ads
2065,597,,2025-10-16,Email
2066,50,20,2025-10-16,Google Ads
2067,510,,2025-10-17,Google Ads
2068,699,,2025-10-17,Affiliate
2069,415,,2025-10-17,Email
2070,634,,2025-10-17,Affiliate
2071,722,10,2025-10-17,Google Ads
2072,527,,2025-10-17,Affiliate
2073,482,9,2025-10-17,Meta Ads
2074,354,8,2025-10-17,Affiliate
2075,403,,2025-10-17,Email
2076,762,11,2025-10-17,Meta Ads
2077,837,14,2025-10-17,Meta Ads
2078,451,,2025-10-17,Referral
2079,389,16,2025-10-17,Affiliate
2080,165,13,2025-10-17,Meta Ads
2081,414,,2025-10-17,Organic Search
2082,623,,2025-10-18,Affiliate
2083,374,13,2025-10-18,Referral
2084,403,11,2025-10-18,Google Ads
2085,394,,2025-10-18,Affiliate
2086,448,16,2025-10-18,Google Ads
2087,366,16,2025-10-18,Google Ads
2088,475,13,2025-10-18,Google Ads
2089,518,25,2025-10-18,Referral
2090,337,11,2025-10-19,Meta Ads
2091,563,21,2025-10-19,Meta Ads
2092,110,16,2025-10-19,Organic Search
2093,813,14,2025-10-19,Affiliate
2094,734,,2025-10-19,Referral
2095,678,8,2025-10-19,Referral
2096,721,8,2025-10-20,Referral
2097,317,,2025-10-20,Affiliate
2098,708,,2025-10-20,Meta Ads
2099,321,19,2025-10-20,Affiliate
2100,701,,2025-10-20,Affiliate
2101,550,16,2025-10-20,Affiliate
2102,36,,2025-10-20,Email
2103,188,6,2025-10-21,Meta Ads
2104,568,,2025-10-21,Email
2105,299,14,2025-10-21,Meta Ads
2106,781,6,2025-10-21,Email
2107,609,8,2025-10-21,Organic Search
2108,106,13,2025-10-21,Referral
2109,214,24,2025-10-21,Affiliate
2110,424,16,2025-10-22,Google Ads
2111,553,,2025-10-22,Affiliate
2112,745,,2025-10-22,Email
2113,20,22,2025-10-22,Referral
2114,112,,2025-10-23,Referral
2115,677,6,2025-10-23,Organic Search
2116,247,,2025-10-23,Google Ads
2117,142,8,2025-10-23,Meta Ads
2118,376,7,2025-10-23,Organic Search
2119,135,15,2025-10-23,Organic Search
2120,236,23,2025-10-24,Referral
2121,150,,2025-10-24,Affiliate
2122,517,20,2025-10-24,Meta Ads
2123,389,16,2025-10-24,Email
2124,429,7,2025-10-25,Email
2125,377,,2025-10-25,Referral
2126,333,22,2025-10-25,Affiliate
2127,629,14,2025-10-25,Email
2128,856,6,2025-10-25,Affiliate
2129,801,,2025-10-25,Email
2130,504,21,2025-10-26,Email
2131,662,12,2025-10-26,Email
2132,716,13,2025-10-26,Email
2133,140,14,2025-10-26,Affiliate
2134,244,9,2025-10-26,Email
2135,68,17,2025-10-26,Google Ads
2136,285,9,2025-10-26,Affiliate
2137,50,20,2025-10-26,Meta Ads
2138,160,,2025-10-27,Email
2139,839,,2025-10-27,Meta Ads
2140,34,,2025-10-27,Affiliate
2141,715,14,2025-10-27,Google Ads
2142,60,,2025-10-27,Email
2143,309,22,2025-10-27,Organic Search
2144,205,15,2025-10-27,Affiliate
2145,4,23,2025-10-27,Affiliate
2146,673,14,2025-10-27,Referral
2147,109,24,2025-10-28,Google Ads
2148,516,7,2025-10-28,Google Ads
2149,227,14,2025-10-28,Affiliate
2150,85,16,2025-10-28,Affiliate
2151,791,,2025-10-29,Meta Ads
2152,485,,2025-10-29,Email
2153,146,16,2025-10-29,Google Ads
2154,668,,2025-10-29,Affiliate
2155,428,19,2025-10-29,Email
2156,88,20,2025-10-29,Meta Ads
2157,91,,2025-10-29,Meta Ads
2158,198,,2025-10-30,Affiliate
2159,442,,2025-10-30,Google Ads
2160,860,14,2025-10-30,Meta Ads
2161,843,20,2025-10-30,Google Ads
2162,395,20,2025-10-30,Affiliate
2163,430,,2025-10-31,Google Ads
2164,256,7,2025-10-31,Organic Search
2165,612,,2025-10-31,Google Ads
2166,683,23,2025-10-31,Referral
2167,473,6,2025-10-31,Email
2168,721,10,2025-10-31,Affiliate
2169,724,,2025-10-31,Affiliate
2170,311,,2025-10-31,Referral
2171,756,23,2025-10-31,Google Ads
2172,856,9,2025-11-01,Organic Search
2173,264,21,2025-11-01,Email
2174,700,8,2025-11-01,Organic Search
2175,165,13,2025-11-01,Referral
2176,276,,2025-11-01,Google Ads
2177,220,14,2025-11-01,Meta Ads
2178,161,23,2025-11-02,Meta Ads
2179,439,24,2025-11-02,Affiliate
2180,631,20,2025-11-02,Affiliate
2181,695,,2025-11-02,Email
2182,363,18,2025-11-03,Organic Search
2183,791,,2025-11-03,Referral
2184,359,,2025-11-03,Email
2185,832,,2025-11-03,Referral
2186,343,,2025-11-03,Affiliate
2187,648,6,2025-11-04,Organic Search
2188,661,6,2025-11-04,Referral
2189,368,24,2025-11-04,Google Ads
2190,721,,2025-11-04,Google Ads
2191,591,,2025-11-04,Google Ads
2192,284,7,2025-11-04,Google Ads
2193,213,,2025-11-05,Organic Search
2194,135,,2025-11-05,Organic Search
2195,530,20,2025-11-05,Google Ads
2196,264,23,2025-11-05,Email
2197,697,17,2025-11-05,Referral
2198,253,20,2025-11-05,Referral
2199,138,20,2025-11-05,Email
2200,483,11,2025-11-05,Email
2201,68,18,2025-11-06,Meta Ads
2202,185,19,2025-11-06,Affiliate
2203,279,7,2025-11-06,Email
2204,143,,2025-11-06,Referral
2205,27,,2025-11-06,Affiliate
2206,394,7,2025-11-06,Affiliate
2207,489,,2025-11-06,Organic Search
2208,806,7,2025-11-06,Email
2209,20,22,2025-11-06,Meta Ads
2210,703,7,2025-11-06,Referral
2211,842,20,2025-11-07,Referral
2212,70,,2025-11-07,Google Ads
2213,162,,2025-11-07,Meta Ads
2214,370,17,2025-11-07,Referral
2215,32,20,2025-11-07,Referral
2216,329,14,2025-11-07,Meta Ads
2217,675,23,2025-11-07,Email
2218,423,,2025-11-07,Referral
2219,226,,2025-11-07,Meta Ads
2220,291,14,2025-11-07,Affiliate
2221,433,11,2025-11-07,Referral
2222,809,13,2025-11-07,Google Ads
2223,20,24,2025-11-07,Meta Ads
2224,212,,2025-11-07,Meta Ads
2225,406,,2025-11-07,Meta Ads
2226,54,21,2025-11-08,Organic Search
2227,856,9,2025-11-08,Affiliate
2228,824,20,2025-11-08,Meta Ads
2229,241,20,2025-11-08,Referral
2230,378,,2025-11-08,Email
2231,47,14,2025-11-09,Google Ads
2232,728,,2025-11-09,Email
2233,189,16,2025-11-09,Email
2234,194,,2025-11-10,Organic Search
2235,409,17,2025-11-10,Affiliate
2236,829,,2025-11-10,Meta Ads
2237,734,,2025-11-10,Organic Search
2238,823,15,2025-11-11,Affiliate
2239,533,,2025-11-11,Email
2240,275,13,2025-11-11,Meta Ads
2241,174,,2025-11-11,Meta Ads
2242,834,11,2025-11-11,Google Ads
2243,293,16,2025-11-12,Google Ads
2244,432,10,2025-11-12,Referral
2245,802,,2025-11-12,Meta Ads
2246,499,13,2025-11-12,Google Ads
2247,495,,2025-11-12,Referral
2248,439,24,2025-11-12,Organic Search
2249,573,7,2025-11-12,Google Ads
2250,462,,2025-11-12,Google Ads
2251,270,20,2025-11-12,Email
2252,272,,2025-11-12,Affiliate
2253,93,,2025-11-13,Organic Search
2254,20,24,2025-11-13,Affiliate
2255,182,,2025-11-13,Meta Ads
2256,690,7,2025-11-13,Email
2257,126,,2025-11-13,Meta Ads
2258,828,20,2025-11-13,Meta Ads
2259,254,25,2025-11-13,Google Ads
2260,149,21,2025-11-13,Google Ads
2261,600,,2025-11-13,Affiliate
2262,742,,2025-11-13,Google Ads
2263,116,9,2025-11-14,Email
2264,364,10,2025-11-14,Organic Search
2265,566,14,2025-11-14,Meta Ads
2266,604,,2025-11-14,Organic Search
2267,484,10,2025-11-14,Affiliate
2268,530,20,2025-11-14,Organic Search
2269,529,10,2025-11-14,Affiliate
2270,3,,2025-11-14,Email
2271,854,16,2025-11-14,Organic Search
2272,774,18,2025-11-14,Organic Search
2273,500,,2025-11-14,Google Ads
2274,632,,2025-11-15,Affiliate
2275,406,,2025-11-15,Affiliate
2276,279,7,2025-11-15,Referral
2277,200,,2025-11-15,Google Ads
2278,158,,2025-11-15,Referral
2279,4,21,2025-11-15,Meta Ads
2280,647,13,2025-11-16,Email
2281,238,20,2025-11-16,Affiliate
2282,769,24,2025-11-16,Google Ads
2283,300,10,2025-11-16,Organic Search
2284,609,8,2025-11-16,Google Ads
2285,831,14,2025-11-16,Meta Ads
2286,216,,2025-11-16,Google Ads
2287,832,6,2025-11-16,Organic Search
2288,140,14,2025-11-17,Affiliate
2289,125,14,2025-11-17,Meta Ads
2290,34,,2025-11-17,Google Ads
2291,504,25,2025-11-17,Organic Search
2292,724,,2025-11-17,Affiliate
2293,779,,2025-11-17,Referral
2294,83,,2025-11-17,Affiliate
2295,802,,2025-11-17,Organic Search
2296,44,16,2025-11-17,Referral
2297,455,6,2025-11-17,Email
2298,285,,2025-11-18,Referral
2299,842,20,2025-11-18,Meta Ads
2300,212,,2025-11-18,Referral
2301,205,11,2025-11-18,Google Ads
2302,686,8,2025-11-18,Affiliate
2303,805,7,2025-11-18,Organic Search
2304,511,10,2025-11-18,Email
2305,433,12,2025-11-18,Organic Search
2306,837,,2025-11-19,Meta Ads
2307,559,,2025-11-19,Organic Search
2308,717,15,2025-11-19,Organic Search
2309,425,12,2025-11-19,Organic Search
2310,842,20,2025-11-19,Google Ads
2311,517,20,2025-11-20,Referral
2312,781,9,2025-11-20,Organic Search
2313,426,13,2025-11-20,Email
2314,369,10,2025-11-20,Google Ads
2315,858,,2025-11-20,Email
2316,673,14,2025-11-20,Meta Ads
2317,365,10,2025-11-20,Organic Search
2318,18,18,2025-11-20,Affiliate
2319,292,13,2025-11-20,Meta Ads
2320,528,,2025-11-21,Google Ads
2321,76,25,2025-11-21,Email
2322,513,,2025-11-21,Google Ads
2323,627,10,2025-11-21,Email
2324,711,10,2025-11-21,Google Ads
2325,772,,2025-11-21,Google Ads
2326,823,12,2025-11-21,Referral
2327,131,,2025-11-22,Organic Search
2328,359,,2025-11-22,Organic Search
2329,663,,2025-11-22,Affiliate
2330,531,24,2025-11-22,Email
2331,219,,2025-11-22,Email
2332,45,24,2025-11-22,Referral
2333,154,13,2025-11-22,Affiliate
2334,307,,2025-11-23,Organic Search
2335,732,20,2025-11-23,Organic Search
2336,787,14,2025-11-23,Email
2337,766,,2025-11-23,Meta Ads
2338,505,24,2025-11-23,Organic Search
2339,264,23,2025-11-23,Google Ads
2340,284,7,2025-11-23,Email
2341,553,25,2025-11-24,Organic Search
2342,848,,2025-11-24,Google Ads
2343,145,7,2025-11-24,Meta Ads
2344,241,20,2025-11-24,Organic Search
2345,324,,2025-11-24,Google Ads
2346,427,8,2025-11-24,Email
2347,811,13,2025-11-24,Google Ads
2348,652,13,2025-11-24,Email
2349,181,22,2025-11-24,Referral
2350,12,7,2025-11-25,Affiliate
2351,491,,2025-11-25,Organic Search
2352,849,17,2025-11-25,Meta Ads
2353,579,18,2025-11-25,Meta Ads
2354,604,,2025-11-25,Google Ads
2355,318,,2025-11-25,Organic Search
2356,474,,2025-11-25,Google Ads
2357,538,7,2025-11-25,Affiliate
2358,324,,2025-11-25,Organic Search
2359,420,22,2025-11-26,Meta Ads
2360,82,10,2025-11-26,Email
2361,581,,2025-11-26,Organic Search
2362,148,7,2025-11-26,Google Ads
2363,540,,2025-11-26,Google Ads
2364,22,,2025-11-26,Referral
2365,506,7,2025-11-26,Referral
2366,529,,2025-11-26,Affiliate
2367,202,8,2025-11-26,Email
2368,342,,2025-11-26,Google Ads
2369,577,,2025-11-26,Affiliate
2370,172,25,2025-11-27,Meta Ads
2371,634,,2025-11-27,Organic Search
2372,767,,2025-11-27,Email
2373,196,,2025-11-28,Affiliate
2374,234,,2025-11-28,Organic Search
2375,350,23,2025-11-28,Organic Search
2376,92,6,2025-11-28,Google Ads
2377,482,9,2025-11-28,Organic Search
2378,714,,2025-11-28,Meta Ads
2379,613,,2025-11-29,Google Ads
2380,213,,2025-11-29,Affiliate
2381,512,,2025-11-29,Referral
2382,508,13,2025-11-29,Affiliate
2383,558,24,2025-11-29,Email
2384,85,16,2025-11-29,Google Ads
2385,395,20,2025-11-29,Google Ads
2386,134,,2025-11-29,Referral
2387,107,18,2025-11-30,Email
2388,26,,2025-11-30,Meta Ads
2389,138,20,2025-11-30,Organic Search
2390,104,6,2025-11-30,Email
2391,203,,2025-11-30,Google Ads
2392,43,,2025-11-30,Google Ads
2393,860,14,2025-12-01,Meta Ads
2394,821,7,2025-12-01,Affiliate
2395,625,23,2025-12-01,Affiliate
2396,248,14,2025-12-01,Referral
2397,550,16,2025-12-01,Google Ads
2398,702,,2025-12-01,Meta Ads
2399,103,20,2025-12-01,Meta Ads
2400,736,13,2025-12-02,Organic Search
2401,625,23,2025-12-02,Referral
2402,194,22,2025-12-02,Meta Ads
2403,576,10,2025-12-02,Google Ads
2404,227,14,2025-12-02,Organic Search
2405,858,,2025-12-02,Meta Ads
2406,348,7,2025-12-03,Referral
2407,739,16,2025-12-03,Affiliate
2408,514,,2025-12-03,Google Ads
2409,273,16,2025-12-04,Google Ads
2410,855,23,2025-12-04,Google Ads
2411,545,8,2025-12-04,Referral
2412,385,25,2025-12-04,Affiliate
2413,451,6,2025-12-04,Meta Ads
2414,370,18,2025-12-04,Email
2415,316,16,2025-12-05,Email
2416,757,20,2025-12-05,Affiliate
2417,106,13,2025-12-05,Referral
2418,757,,2025-12-05,Organic Search
2419,697,17,2025-12-05,Meta Ads
2420,450,16,2025-12-05,Email
2421,624,,2025-12-06,Meta Ads
2422,718,22,2025-12-06,Email
2423,518,,2025-12-06,Email
2424,223,,2025-12-06,Organic Search
2425,142,8,2025-12-06,Referral
2426,96,13,2025-12-06,Organic Search
2427,576,8,2025-12-06,Affiliate
2428,487,13,2025-12-07,Referral
2429,470,7,2025-12-07,Organic Search
2430,838,,2025-12-07,Meta Ads
2431,359,,2025-12-07,Referral
2432,295,20,2025-12-07,Google Ads
2433,300,8,2025-12-07,Google Ads
2434,721,10,2025-12-08,Email
2435,262,,2025-12-08,Email
2436,226,,2025-12-08,Email
2437,677,6,2025-12-08,Meta Ads
2438,445,20,2025-12-08,Affiliate
2439,859,10,2025-12-09,Google Ads
2440,561,,2025-12-09,Affiliate
2441,649,22,2025-12-09,Affiliate
2442,525,16,2025-12-09,Affiliate
2443,37,13,2025-12-09,Google Ads
2444,66,,2025-12-09,Referral
2445,578,,2025-12-09,Affiliate
2446,263,,2025-12-10,Referral
2447,303,7,2025-12-10,Affiliate
2448,177,20,2025-12-10,Referral
2449,799,13,2025-12-11,Email
2450,822,,2025-12-11,Referral
2451,633,25,2025-12-11,Referral
2452,675,,2025-12-11,Affiliate
2453,584,25,2025-12-11,Organic Search
2454,549,,2025-12-11,Meta Ads
2455,772,,2025-12-11,Meta Ads
2456,540,,2025-12-11,Affiliate
2457,591,,2025-12-12,Google Ads
2458,77,13,2025-12-12,Affiliate
2459,813,14,2025-12-12,Organic Search
2460,162,,2025-12-12,Organic Search
2461,560,,2025-12-12,Google Ads
2462,19,,2025-12-12,Meta Ads
2463,837,14,2025-12-12,Referral
2464,820,7,2025-12-13,Organic Search
2465,242,7,2025-12-13,Google Ads
2466,389,16,2025-12-13,Organic Search
2467,611,,2025-12-13,Meta Ads
2468,666,8,2025-12-13,Meta Ads
2469,790,9,2025-12-13,Referral
2470,18,18,2025-12-13,Referral
2471,302,,2025-12-14,Referral
2472,841,13,2025-12-14,Email
2473,441,16,2025-12-14,Email
2474,745,,2025-12-14,Email
2475,622,7,2025-12-14,Referral
2476,520,25,2025-12-14,Affiliate
2477,218,16,2025-12-14,Google Ads
2478,549,,2025-12-14,Email
2479,52,22,2025-12-14,Organic Search
2480,335,20,2025-12-14,Affiliate
2481,194,24,2025-12-15,Email
2482,385,21,2025-12-15,Referral
2483,36,,2025-12-15,Email
2484,523,16,2025-12-15,Email
2485,389,,2025-12-16,Affiliate
2486,837,14,2025-12-16,Organic Search
2487,640,10,2025-12-16,Organic Search
2488,596,23,2025-12-16,Affiliate
2489,622,7,2025-12-16,Organic Search
2490,257,20,2025-12-16,Affiliate
2491,89,,2025-12-17,Affiliate
2492,751,,2025-12-17,Meta Ads
2493,228,,2025-12-17,Organic Search
2494,649,22,2025-12-17,Affiliate
2495,343,,2025-12-17,Google Ads
2496,113,,2025-12-17,Organic Search
2497,404,22,2025-12-17,Referral
2498,60,,2025-12-17,Meta Ads
2499,822,,2025-12-18,Google Ads
2500,275,13,2025-12-18,Meta Ads
2501,284,7,2025-12-18,Affiliate
2502,589,14,2025-12-18,Email
2503,837,14,2025-12-18,Google Ads
2504,808,,2025-12-18,Referral
2505,551,17,2025-12-18,Meta Ads
2506,261,10,2025-12-18,Referral
2507,665,,2025-12-19,Affiliate
2508,352,,2025-12-19,Affiliate
2509,74,25,2025-12-19,Meta Ads
2510,595,6,2025-12-19,Email
2511,267,16,2025-12-19,Google Ads
2512,424,16,2025-12-19,Referral
2513,817,,2025-12-19,Organic Search
2514,135,,2025-12-19,Meta Ads
2515,9,8,2025-12-20,Referral
2516,814,,2025-12-20,Google Ads
2517,596,23,2025-12-20,Google Ads
2518,201,,2025-12-21,Meta Ads
2519,306,,2025-12-21,Email
2520,299,14,2025-12-21,Google Ads
2521,773,22,2025-12-21,Referral
2522,769,24,2025-12-21,Meta Ads
2523,579,18,2025-12-22,Email
2524,555,,2025-12-22,Email
2525,571,10,2025-12-22,Google Ads
2526,386,16,2025-12-22,Meta Ads
2527,816,,2025-12-22,Referral
2528,561,,2025-12-22,Affiliate
2529,668,,2025-12-23,Email
2530,760,,2025-12-23,Referral
2531,571,10,2025-12-23,Affiliate
2532,476,,2025-12-23,Affiliate
2533,193,13,2025-12-23,Meta Ads
2534,338,16,2025-12-23,Meta Ads
2535,793,15,2025-12-24,Referral
2536,417,20,2025-12-24,Organic Search
2537,603,14,2025-12-24,Affiliate
2538,606,,2025-12-24,Organic Search
2539,403,11,2025-12-24,Email
2540,790,9,2025-12-24,Referral
2541,790,9,2025-12-24,Email
2542,525,16,2025-12-24,Organic Search
2543,174,,2025-12-24,Email
2544,10,19,2025-12-25,Affiliate
2545,747,,2025-12-25,Google Ads
2546,177,20,2025-12-25,Meta Ads
2547,414,,2025-12-25,Google Ads
2548,128,,2025-12-25,Affiliate
2549,76,25,2025-12-25,Google Ads
2550,213,,2025-12-26,Google Ads
2551,484,8,2025-12-26,Google Ads
2552,344,20,2025-12-27,Email
2553,793,11,2025-12-27,Meta Ads
2554,285,,2025-12-27,Organic Search
2555,641,20,2025-12-27,Google Ads
2556,571,8,2025-12-27,Google Ads
2557,649,22,2025-12-27,Referral
2558,571,8,2025-12-27,Email
2559,104,9,2025-12-27,Organic Search
2560,348,7,2025-12-28,Affiliate
2561,138,20,2025-12-28,Organic Search
2562,213,,2025-12-28,Affiliate
2563,364,10,2025-12-28,Email
2564,197,,2025-12-28,Affiliate
2565,743,7,2025-12-28,Affiliate
2566,246,14,2025-12-28,Organic Search
2567,773,22,2025-12-28,Organic Search
2568,774,17,2025-12-28,Referral
2569,689,21,2025-12-29,Affiliate
2570,337,12,2025-12-29,Organic Search
2571,48,,2025-12-29,Referral
2572,617,20,2025-12-29,Meta Ads
2573,83,,2025-12-29,Referral
2574,417,20,2025-12-30,Email
2575,269,,2025-12-30,Referral
2576,48,,2025-12-30,Organic Search
2577,757,20,2025-12-30,Meta Ads
2578,666,8,2025-12-30,Referral
2579,637,,2025-12-31,Referral
2580,219,10,2025-12-31,Meta Ads
2581,288,11,2025-12-31,Affiliate
2582,201,,2025-12-31,Affiliate
2583,694,7,2025-12-31,Referral
2584,714,,2025-12-31,Organic Search
2585,344,20,2025-12-31,Affiliate
2586,375,10,2025-12-31,Affiliate
2587,320,14,2025-12-31,Organic Search
2588,173,9,2025-12-31,Referral
2589,486,16,2025-12-31,Referral
2590,240,25,2025-12-31,Meta Ads
2591,568,,2025-12-31,Organic Search
2592,808,11,2026-01-01,Referral
2593,209,20,2026-01-01,Meta Ads
2594,214,22,2026-01-01,Email
2595,675,21,2026-01-01,Affiliate
2596,595,9,2026-01-01,Email
2597,91,,2026-01-01,Email
2598,68,19,2026-01-01,Affiliate
2599,718,22,2026-01-02,Meta Ads
2600,713,22,2026-01-02,Affiliate
2601,349,7,2026-01-02,Email
2602,214,24,2026-01-02,Referral
2603,38,,2026-01-02,Email
2604,195,,2026-01-02,Referral
2605,667,25,2026-01-02,Affiliate
2606,494,7,2026-01-03,Organic Search
2607,257,,2026-01-03,Email
2608,191,6,2026-01-03,Organic Search
2609,790,9,2026-01-03,Organic Search
2610,517,20,2026-01-03,Meta Ads
2611,131,,2026-01-03,Meta Ads
2612,853,8,2026-01-03,Affiliate
2613,663,,2026-01-03,Organic Search
2614,30,20,2026-01-03,Meta Ads
2615,154,13,2026-01-04,Google Ads
2616,447,7,2026-01-04,Organic Search
2617,447,7,2026-01-04,Email
2618,854,16,2026-01-04,Affiliate
2619,266,,2026-01-04,Referral
2620,780,17,2026-01-04,Referral
2621,407,,2026-01-05,Referral
2622,371,,2026-01-05,Meta Ads
2623,654,13,2026-01-05,Meta Ads
2624,559,19,2026-01-05,Google Ads
2625,350,21,2026-01-05,Affiliate
2626,89,,2026-01-05,Affiliate
2627,201,,2026-01-05,Meta Ads
2628,274,,2026-01-05,Referral
2629,289,19,2026-01-06,Organic Search
2630,123,,2026-01-06,Referral
2631,571,,2026-01-06,Email
2632,173,6,2026-01-06,Affiliate
2633,753,16,2026-01-06,Email
2634,49,,2026-01-07,Google Ads
2635,736,,2026-01-07,Organic Search
2636,845,21,2026-01-07,Meta Ads
2637,48,19,2026-01-07,Affiliate
2638,662,11,2026-01-07,Affiliate
2639,100,,2026-01-07,Affiliate
2640,541,16,2026-01-07,Email
2641,90,13,2026-01-07,Affiliate
2642,89,,2026-01-07,Organic Search
2643,157,22,2026-01-08,Meta Ads
2644,222,22,2026-01-08,Affiliate
2645,492,,2026-01-08,Email
2646,345,24,2026-01-08,Organic Search
2647,775,,2026-01-08,Organic Search
2648,21,,2026-01-08,Email
2649,394,7,2026-01-08,Email
2650,640,8,2026-01-08,Meta Ads
2651,588,12,2026-01-08,Meta Ads
2652,455,9,2026-01-09,Organic Search
2653,184,16,2026-01-09,Referral
2654,421,6,2026-01-09,Referral
2655,392,24,2026-01-09,Email
2656,592,24,2026-01-09,Email
2657,609,8,2026-01-09,Email
2658,377,,2026-01-09,Referral
2659,478,22,2026-01-09,Affiliate
2660,321,19,2026-01-09,Affiliate
2661,127,6,2026-01-09,Affiliate
2662,710,21,2026-01-10,Email
2663,559,19,2026-01-10,Email
2664,49,,2026-01-10,Meta Ads
2665,727,14,2026-01-10,Meta Ads
2666,160,,2026-01-10,Email
2667,164,14,2026-01-10,Affiliate
2668,466,18,2026-01-10,Organic Search
2669,858,,2026-01-11,Affiliate
2670,344,20,2026-01-11,Affiliate
2671,481,20,2026-01-11,Email
2672,824,20,2026-01-11,Meta Ads
2673,191,6,2026-01-11,Google Ads
2674,792,,2026-01-11,Email
2675,789,7,2026-01-11,Referral
2676,262,,2026-01-11,Google Ads
2677,783,12,2026-01-11,Meta Ads
2678,291,14,2026-01-12,Referral
2679,133,,2026-01-12,Email
2680,124,14,2026-01-12,Affiliate
2681,5,24,2026-01-12,Referral
2682,687,14,2026-01-12,Email
2683,720,,2026-01-12,Email
2684,92,6,2026-01-13,Email
2685,324,,2026-01-13,Email
2686,297,7,2026-01-13,Affiliate
2687,256,7,2026-01-13,Referral
2688,332,,2026-01-13,Email
2689,321,19,2026-01-14,Google Ads
2690,413,,2026-01-14,Email
2691,649,,2026-01-14,Organic Search
2692,552,,2026-01-14,Affiliate
2693,326,16,2026-01-15,Email
2694,824,20,2026-01-15,Organic Search
2695,610,8,2026-01-15,Referral
2696,308,,2026-01-15,Meta Ads
2697,592,,2026-01-16,Meta Ads
2698,288,,2026-01-16,Organic Search
2699,160,,2026-01-16,Organic Search
2700,425,11,2026-01-16,Google Ads
2701,416,,2026-01-16,Meta Ads
2702,237,14,2026-01-16,Meta Ads
2703,507,18,2026-01-16,Meta Ads
2704,422,16,2026-01-16,Google Ads
2705,719,,2026-01-16,Organic Search
2706,531,,2026-01-16,Affiliate
2707,715,14,2026-01-17,Meta Ads
2708,109,22,2026-01-17,Google Ads
2709,532,9,2026-01-17,Google Ads
2710,365,8,2026-01-17,Google Ads
2711,82,8,2026-01-18,Organic Search
2712,600,,2026-01-18,Referral
2713,225,14,2026-01-18,Referral
2714,850,,2026-01-18,Referral
2715,193,13,2026-01-18,Email
2716,326,16,2026-01-18,Organic Search
2717,30,20,2026-01-19,Affiliate
2718,468,,2026-01-19,Affiliate
2719,111,,2026-01-19,Referral
2720,278,,2026-01-19,Organic Search
2721,623,,2026-01-19,Organic Search
2722,253,,2026-01-19,Email
2723,121,13,2026-01-19,Email
2724,237,14,2026-01-20,Email
2725,660,,2026-01-20,Referral
2726,196,8,2026-01-20,Organic Search
2727,282,,2026-01-20,Email
2728,663,,2026-01-20,Google Ads
2729,709,,2026-01-20,Email
2730,172,23,2026-01-21,Meta Ads
2731,391,22,2026-01-21,Organic Search
2732,218,16,2026-01-21,Organic Search
2733,41,6,2026-01-21,Meta Ads
2734,502,,2026-01-22,Meta Ads
2735,524,14,2026-01-22,Affiliate
2736,309,22,2026-01-22,Google Ads
2737,794,21,2026-01-22,Affiliate
2738,540,,2026-01-22,Meta Ads
2739,804,14,2026-01-22,Organic Search
2740,74,23,2026-01-22,Referral
2741,722,10,2026-01-23,Organic Search
2742,21,,2026-01-23,Email
2743,398,,2026-01-23,Meta Ads
2744,455,6,2026-01-23,Affiliate
2745,248,14,2026-01-23,Organic Search
2746,605,,2026-01-23,Google Ads
2747,332,,2026-01-24,Email
2748,67,,2026-01-24,Meta Ads
2749,262,,2026-01-24,Affiliate
2750,108,,2026-01-24,Email
2751,329,14,2026-01-24,Email
2752,810,6,2026-01-24,Referral
2753,344,20,2026-01-25,Organic Search
2754,157,22,2026-01-25,Organic Search
2755,188,9,2026-01-25,Organic Search
2756,754,24,2026-01-25,Google Ads
2757,445,20,2026-01-25,Affiliate
2758,250,20,2026-01-25,Meta Ads
2759,676,13,2026-01-25,Email
2760,456,,2026-01-25,Affiliate
2761,653,10,2026-01-25,Google Ads
2762,205,15,2026-01-25,Affiliate
2763,31,25,2026-01-25,Referral
2764,397,,2026-01-25,Referral
2765,850,,2026-01-25,Referral
2766,453,,2026-01-25,Google Ads
2767,251,16,2026-01-25,Referral
2768,479,,2026-01-26,Referral
2769,119,16,2026-01-26,Organic Search
2770,412,18,2026-01-26,Referral
2771,15,,2026-01-26,Referral
2772,457,14,2026-01-26,Google Ads
2773,454,15,2026-01-26,Email
2774,664,6,2026-01-26,Meta Ads
2775,162,,2026-01-26,Referral
2776,325,6,2026-01-26,Meta Ads
2777,245,22,2026-01-27,Affiliate
2778,241,20,2026-01-27,Referral
2779,402,7,2026-01-27,Meta Ads
2780,179,14,2026-01-27,Google Ads
2781,724,,2026-01-27,Organic Search
2782,104,6,2026-01-27,Meta Ads
2783,404,24,2026-01-27,Email
2784,376,7,2026-01-27,Organic Search
2785,64,,2026-01-27,Referral
2786,562,6,2026-01-27,Affiliate
2787,127,6,2026-01-27,Affiliate
2788,342,17,2026-01-28,Referral
2789,337,12,2026-01-28,Referral
2790,614,9,2026-01-28,Google Ads
2791,738,18,2026-01-28,Meta Ads
2792,736,13,2026-01-28,Referral
2793,12,7,2026-01-28,Google Ads
2794,791,,2026-01-28,Google Ads
2795,67,,2026-01-29,Affiliate
2796,394,7,2026-01-29,Meta Ads
2797,659,16,2026-01-30,Organic Search
2798,255,21,2026-01-30,Organic Search
2799,403,11,2026-01-30,Email
2800,81,19,2026-01-30,Email
2801,10,18,2026-01-30,Email
2802,34,,2026-01-30,Email
2803,14,14,2026-01-31,Referral
2804,488,20,2026-01-31,Affiliate
2805,344,20,2026-01-31,Organic Search
2806,118,9,2026-01-31,Organic Search
2807,857,,2026-01-31,Google Ads
2808,820,7,2026-01-31,Organic Search
2809,103,20,2026-01-31,Email
2810,667,21,2026-01-31,Referral
2811,270,20,2026-01-31,Meta Ads
2812,755,,2026-02-01,Organic Search
2813,269,6,2026-02-01,Affiliate
2814,770,8,2026-02-01,Affiliate
2815,263,,2026-02-01,Organic Search
2816,394,7,2026-02-01,Meta Ads
2817,742,,2026-02-01,Email
2818,299,14,2026-02-01,Referral
2819,544,,2026-02-01,Organic Search
2820,801,,2026-02-01,Affiliate
2821,350,23,2026-02-02,Organic Search
2822,848,,2026-02-02,Meta Ads
2823,798,16,2026-02-02,Google Ads
2824,395,20,2026-02-02,Email
2825,183,16,2026-02-03,Organic Search
2826,704,20,2026-02-03,Referral
2827,522,,2026-02-03,Affiliate
2828,311,,2026-02-03,Referral
2829,373,13,2026-02-03,Referral
2830,180,,2026-02-03,Organic Search
2831,77,13,2026-02-03,Referral
2832,831,14,2026-02-03,Email
2833,853,8,2026-02-04,Referral
2834,152,25,2026-02-04,Organic Search
2835,131,,2026-02-04,Meta Ads
2836,618,13,2026-02-04,Referral
2837,774,18,2026-02-04,Affiliate
2838,42,,2026-02-04,Google Ads
2839,466,17,2026-02-04,Google Ads
2840,371,24,2026-02-04,Google Ads
2841,760,8,2026-02-05,Meta Ads
2842,724,,2026-02-05,Affiliate
2843,586,,2026-02-05,Organic Search
2844,108,,2026-02-05,Referral
2845,21,,2026-02-05,Referral
2846,513,,2026-02-06,Referral
2847,127,6,2026-02-06,Organic Search
2848,400,7,2026-02-06,Meta Ads
2849,417,20,2026-02-07,Meta Ads
2850,468,,2026-02-07,Affiliate
2851,480,16,2026-02-07,Referral
2852,200,,2026-02-08,Google Ads
2853,343,,2026-02-08,Organic Search
2854,382,19,2026-02-08,Google Ads
2855,848,,2026-02-08,Affiliate
2856,385,23,2026-02-08,Meta Ads
2857,69,14,2026-02-08,Referral
2858,635,8,2026-02-09,Affiliate
2859,71,7,2026-02-09,Google Ads
2860,162,,2026-02-09,Google Ads
2861,715,14,2026-02-09,Meta Ads
2862,414,,2026-02-09,Affiliate
2863,524,14,2026-02-10,Email
2864,64,,2026-02-10,Organic Search
2865,30,20,2026-02-10,Email
2866,758,15,2026-02-10,Email
2867,108,,2026-02-10,Email
2868,669,,2026-02-11,Organic Search
2869,145,7,2026-02-11,Organic Search
2870,467,,2026-02-11,Referral
2871,808,12,2026-02-11,Referral
2872,354,8,2026-02-11,Meta Ads
2873,718,22,2026-02-11,Email
2874,515,8,2026-02-12,Organic Search
2875,379,,2026-02-12,Affiliate
2876,811,13,2026-02-12,Email
2877,687,14,2026-02-12,Referral
2878,165,13,2026-02-12,Google Ads
2879,209,,2026-02-12,Referral
2880,531,22,2026-02-13,Google Ads
2881,449,,2026-02-13,Referral
2882,276,,2026-02-13,Google Ads
2883,838,20,2026-02-13,Meta Ads
2884,713,22,2026-02-13,Google Ads
2885,276,,2026-02-13,Affiliate
2886,758,15,2026-02-13,Google Ads
2887,268,7,2026-02-14,Google Ads
2888,347,16,2026-02-14,Affiliate
2889,148,7,2026-02-14,Organic Search
2890,700,10,2026-02-14,Email
2891,557,14,2026-02-15,Referral
2892,506,7,2026-02-15,Email
2893,263,,2026-02-15,Meta Ads
2894,541,16,2026-02-15,Google Ads
2895,370,,2026-02-15,Meta Ads
2896,53,,2026-02-16,Organic Search
2897,142,8,2026-02-16,Referral
2898,503,14,2026-02-16,Meta Ads
2899,601,,2026-02-16,Google Ads
2900,163,,2026-02-16,Meta Ads
2901,121,13,2026-02-17,Affiliate
2902,621,13,2026-02-17,Meta Ads
2903,601,14,2026-02-17,Meta Ads
2904,43,,2026-02-17,Organic Search
2905,567,20,2026-02-18,Email
2906,778,17,2026-02-18,Email
2907,203,,2026-02-18,Affiliate
2908,402,7,2026-02-18,Referral
2909,618,13,2026-02-18,Email
2910,717,11,2026-02-18,Meta Ads
2911,697,18,2026-02-19,Organic Search
2912,706,20,2026-02-19,Meta Ads
2913,593,23,2026-02-19,Organic Search
2914,93,,2026-02-19,Meta Ads
2915,39,13,2026-02-19,Referral
2916,728,,2026-02-19,Referral
2917,625,21,2026-02-19,Email
2918,273,16,2026-02-20,Affiliate
2919,861,,2026-02-20,Referral
2920,473,6,2026-02-20,Meta Ads
2921,213,,2026-02-20,Google Ads
2922,831,14,2026-02-20,Meta Ads
2923,543,18,2026-02-20,Google Ads
2924,846,,2026-02-20,Meta Ads
2925,132,,2026-02-21,Email
2926,509,,2026-02-21,Meta Ads
2927,355,,2026-02-21,Affiliate
2928,738,17,2026-02-21,Organic Search
2929,90,,2026-02-21,Meta Ads
2930,222,,2026-02-21,Referral
2931,115,22,2026-02-21,Meta Ads
2932,807,,2026-02-21,Email
2933,216,,2026-02-21,Referral
2934,115,24,2026-02-22,Affiliate
2935,734,,2026-02-22,Affiliate
2936,838,,2026-02-22,Referral
2937,538,7,2026-02-22,Referral
2938,660,,2026-02-22,Referral
2939,438,,2026-02-22,Organic Search
2940,334,,2026-02-22,Affiliate
2941,19,,2026-02-22,Google Ads
2942,365,10,2026-02-23,Referral
2943,788,,2026-02-23,Organic Search
2944,599,24,2026-02-23,Google Ads
2945,222,24,2026-02-23,Referral
2946,798,16,2026-02-23,Organic Search
2947,739,16,2026-02-24,Google Ads
2948,692,16,2026-02-24,Referral
2949,665,,2026-02-24,Google Ads
2950,767,,2026-02-24,Email
2951,728,,2026-02-24,Referral
2952,278,,2026-02-25,Google Ads
2953,432,8,2026-02-25,Referral
2954,212,,2026-02-25,Affiliate
2955,506,7,2026-02-25,Organic Search
2956,98,,2026-02-25,Google Ads
2957,196,,2026-02-25,Meta Ads
2958,737,25,2026-02-25,Referral
2959,714,,2026-02-25,Affiliate
2960,852,,2026-02-26,Google Ads
2961,73,8,2026-02-26,Google Ads
2962,174,,2026-02-26,Referral
2963,254,23,2026-02-26,Referral
2964,118,6,2026-02-26,Affiliate
2965,615,18,2026-02-26,Email
2966,126,,2026-02-26,Google Ads
2967,27,,2026-02-26,Google Ads
2968,297,7,2026-02-27,Referral
2969,225,14,2026-02-27,Affiliate
2970,861,13,2026-02-27,Meta Ads
2971,611,,2026-02-27,Email
2972,41,9,2026-02-27,Meta Ads
2973,562,9,2026-02-27,Referral
2974,583,,2026-02-27,Google Ads
2975,682,14,2026-02-27,Organic Search
2976,575,9,2026-02-28,Meta Ads
2977,665,,2026-02-28,Google Ads
2978,727,14,2026-02-28,Affiliate
2979,548,20,2026-02-28,Google Ads
2980,630,14,2026-02-28,Meta Ads
2981,313,22,2026-02-28,Google Ads
2982,805,7,2026-02-28,Email
2983,640,8,2026-02-28,Referral
2984,265,,2026-02-28,Google Ads
2985,83,,2026-02-28,Google Ads
2986,644,,2026-02-28,Affiliate
2987,278,,2026-02-28,Referral
2988,473,9,2026-03-01,Referral
2989,537,22,2026-03-01,Organic Search
2990,253,,2026-03-01,Referral
2991,303,,2026-03-01,Affiliate
2992,35,16,2026-03-01,Google Ads
2993,690,7,2026-03-01,Affiliate
2994,619,9,2026-03-01,Google Ads
2995,206,14,2026-03-01,Email
2996,174,,2026-03-01,Google Ads
2997,682,14,2026-03-01,Meta Ads
2998,349,7,2026-03-01,Email
2999,786,,2026-03-01,Email
3000,473,9,2026-03-01,Email
